﻿<?xml version="1.0" encoding="utf-8"?>
<abapGit version="v1.0.0" serializer="LCL_OBJECT_TRAN" serializer_version="v1.0.0">
 <asx:abap xmlns:asx="http://www.sap.com/abapxml" version="1.0">
  <asx:values>
   <TSTC>
    <TCODE>ZOOR_N</TCODE>
    <PGMNA>ZSD_OPEN_ORDER_NEW</PGMNA>
    <DYPNO>1000</DYPNO>
    <CINFO>gA==</CINFO>
   </TSTC>
   <TSTCC>
    <TCODE>ZOOR_N</TCODE>
    <S_WEBGUI>1</S_WEBGUI>
    <S_WIN32>X</S_WIN32>
    <S_PLATIN>X</S_PLATIN>
   </TSTCC>
   <TSTCT>
    <SPRSL>E</SPRSL>
    <TCODE>ZOOR_N</TCODE>
    <TTEXT>Open Orders</TTEXT>
   </TSTCT>
   <I18N_TPOOL>
    <TSTCT>
     <SPRSL>1</SPRSL>
     <TTEXT>Open Orders</TTEXT>
    </TSTCT>
    <TSTCT>
     <SPRSL>2</SPRSL>
     <TTEXT>Open Orders</TTEXT>
    </TSTCT>
    <TSTCT>
     <SPRSL>3</SPRSL>
     <TTEXT>Open Orders</TTEXT>
    </TSTCT>
    <TSTCT>
     <SPRSL>D</SPRSL>
     <TTEXT>Open Orders</TTEXT>
    </TSTCT>
    <TSTCT>
     <SPRSL>F</SPRSL>
     <TTEXT>Open Orders</TTEXT>
    </TSTCT>
    <TSTCT>
     <SPRSL>I</SPRSL>
     <TTEXT>Open Orders</TTEXT>
    </TSTCT>
    <TSTCT>
     <SPRSL>J</SPRSL>
     <TTEXT>Open Orders</TTEXT>
    </TSTCT>
    <TSTCT>
     <SPRSL>L</SPRSL>
     <TTEXT>Open Orders</TTEXT>
    </TSTCT>
    <TSTCT>
     <SPRSL>N</SPRSL>
     <TTEXT>Open Orders</TTEXT>
    </TSTCT>
    <TSTCT>
     <SPRSL>P</SPRSL>
     <TTEXT>Open Orders</TTEXT>
    </TSTCT>
    <TSTCT>
     <SPRSL>R</SPRSL>
     <TTEXT>Open Orders</TTEXT>
    </TSTCT>
    <TSTCT>
     <SPRSL>S</SPRSL>
     <TTEXT>Open Orders</TTEXT>
    </TSTCT>
    <TSTCT>
     <SPRSL>V</SPRSL>
     <TTEXT>Open Orders</TTEXT>
    </TSTCT>
   </I18N_TPOOL>
  </asx:values>
 </asx:abap>
</abapGit>
