﻿<?xml version="1.0" encoding="utf-8"?>
<abapGit version="v1.0.0" serializer="LCL_OBJECT_CLAS" serializer_version="v1.0.0">
 <asx:abap xmlns:asx="http://www.sap.com/abapxml" version="1.0">
  <asx:values>
   <VSEOCLASS>
    <CLSNAME>ZSD_CL_REPORTS_ABSTRACT</CLSNAME>
    <VERSION>1</VERSION>
    <LANGU>E</LANGU>
    <DESCRIPT>Abstract class of reports</DESCRIPT>
    <EXPOSURE>2</EXPOSURE>
    <STATE>1</STATE>
    <CLSABSTRCT>X</CLSABSTRCT>
    <CLSCCINCL>X</CLSCCINCL>
    <FIXPT>X</FIXPT>
    <UNICODE>X</UNICODE>
   </VSEOCLASS>
   <DESCRIPTIONS>
    <SEOCOMPOTX>
     <CLSNAME>ZSD_CL_REPORTS_ABSTRACT</CLSNAME>
     <CMPNAME>CONSTRUCTOR</CMPNAME>
     <LANGU>1</LANGU>
     <DESCRIPT>CONSTRUCTOR</DESCRIPT>
    </SEOCOMPOTX>
    <SEOCOMPOTX>
     <CLSNAME>ZSD_CL_REPORTS_ABSTRACT</CLSNAME>
     <CMPNAME>CONSTRUCTOR</CMPNAME>
     <LANGU>2</LANGU>
     <DESCRIPT>CONSTRUCTOR</DESCRIPT>
    </SEOCOMPOTX>
    <SEOCOMPOTX>
     <CLSNAME>ZSD_CL_REPORTS_ABSTRACT</CLSNAME>
     <CMPNAME>CONSTRUCTOR</CMPNAME>
     <LANGU>3</LANGU>
     <DESCRIPT>CONSTRUCTOR</DESCRIPT>
    </SEOCOMPOTX>
    <SEOCOMPOTX>
     <CLSNAME>ZSD_CL_REPORTS_ABSTRACT</CLSNAME>
     <CMPNAME>CONSTRUCTOR</CMPNAME>
     <LANGU>D</LANGU>
     <DESCRIPT>CONSTRUCTOR</DESCRIPT>
    </SEOCOMPOTX>
    <SEOCOMPOTX>
     <CLSNAME>ZSD_CL_REPORTS_ABSTRACT</CLSNAME>
     <CMPNAME>CONSTRUCTOR</CMPNAME>
     <LANGU>E</LANGU>
     <DESCRIPT>CONSTRUCTOR</DESCRIPT>
    </SEOCOMPOTX>
    <SEOCOMPOTX>
     <CLSNAME>ZSD_CL_REPORTS_ABSTRACT</CLSNAME>
     <CMPNAME>CONSTRUCTOR</CMPNAME>
     <LANGU>F</LANGU>
     <DESCRIPT>CONSTRUCTOR</DESCRIPT>
    </SEOCOMPOTX>
    <SEOCOMPOTX>
     <CLSNAME>ZSD_CL_REPORTS_ABSTRACT</CLSNAME>
     <CMPNAME>CONSTRUCTOR</CMPNAME>
     <LANGU>I</LANGU>
     <DESCRIPT>CONSTRUCTOR</DESCRIPT>
    </SEOCOMPOTX>
    <SEOCOMPOTX>
     <CLSNAME>ZSD_CL_REPORTS_ABSTRACT</CLSNAME>
     <CMPNAME>CONSTRUCTOR</CMPNAME>
     <LANGU>J</LANGU>
     <DESCRIPT>CONSTRUCTOR</DESCRIPT>
    </SEOCOMPOTX>
    <SEOCOMPOTX>
     <CLSNAME>ZSD_CL_REPORTS_ABSTRACT</CLSNAME>
     <CMPNAME>CONSTRUCTOR</CMPNAME>
     <LANGU>L</LANGU>
     <DESCRIPT>CONSTRUCTOR</DESCRIPT>
    </SEOCOMPOTX>
    <SEOCOMPOTX>
     <CLSNAME>ZSD_CL_REPORTS_ABSTRACT</CLSNAME>
     <CMPNAME>CONSTRUCTOR</CMPNAME>
     <LANGU>N</LANGU>
     <DESCRIPT>CONSTRUCTOR</DESCRIPT>
    </SEOCOMPOTX>
    <SEOCOMPOTX>
     <CLSNAME>ZSD_CL_REPORTS_ABSTRACT</CLSNAME>
     <CMPNAME>CONSTRUCTOR</CMPNAME>
     <LANGU>P</LANGU>
     <DESCRIPT>CONSTRUCTOR</DESCRIPT>
    </SEOCOMPOTX>
    <SEOCOMPOTX>
     <CLSNAME>ZSD_CL_REPORTS_ABSTRACT</CLSNAME>
     <CMPNAME>CONSTRUCTOR</CMPNAME>
     <LANGU>R</LANGU>
     <DESCRIPT>CONSTRUCTOR</DESCRIPT>
    </SEOCOMPOTX>
    <SEOCOMPOTX>
     <CLSNAME>ZSD_CL_REPORTS_ABSTRACT</CLSNAME>
     <CMPNAME>CONSTRUCTOR</CMPNAME>
     <LANGU>S</LANGU>
     <DESCRIPT>CONSTRUCTOR</DESCRIPT>
    </SEOCOMPOTX>
    <SEOCOMPOTX>
     <CLSNAME>ZSD_CL_REPORTS_ABSTRACT</CLSNAME>
     <CMPNAME>CONSTRUCTOR</CMPNAME>
     <LANGU>V</LANGU>
     <DESCRIPT>CONSTRUCTOR</DESCRIPT>
    </SEOCOMPOTX>
    <SEOCOMPOTX>
     <CLSNAME>ZSD_CL_REPORTS_ABSTRACT</CLSNAME>
     <CMPNAME>MV_KIND_REPORT</CMPNAME>
     <LANGU>1</LANGU>
     <DESCRIPT>Kind of a report</DESCRIPT>
    </SEOCOMPOTX>
    <SEOCOMPOTX>
     <CLSNAME>ZSD_CL_REPORTS_ABSTRACT</CLSNAME>
     <CMPNAME>MV_KIND_REPORT</CMPNAME>
     <LANGU>2</LANGU>
     <DESCRIPT>Kind of a report</DESCRIPT>
    </SEOCOMPOTX>
    <SEOCOMPOTX>
     <CLSNAME>ZSD_CL_REPORTS_ABSTRACT</CLSNAME>
     <CMPNAME>MV_KIND_REPORT</CMPNAME>
     <LANGU>3</LANGU>
     <DESCRIPT>Kind of a report</DESCRIPT>
    </SEOCOMPOTX>
    <SEOCOMPOTX>
     <CLSNAME>ZSD_CL_REPORTS_ABSTRACT</CLSNAME>
     <CMPNAME>MV_KIND_REPORT</CMPNAME>
     <LANGU>D</LANGU>
     <DESCRIPT>Kind of a report</DESCRIPT>
    </SEOCOMPOTX>
    <SEOCOMPOTX>
     <CLSNAME>ZSD_CL_REPORTS_ABSTRACT</CLSNAME>
     <CMPNAME>MV_KIND_REPORT</CMPNAME>
     <LANGU>E</LANGU>
     <DESCRIPT>Kind of a report</DESCRIPT>
    </SEOCOMPOTX>
    <SEOCOMPOTX>
     <CLSNAME>ZSD_CL_REPORTS_ABSTRACT</CLSNAME>
     <CMPNAME>MV_KIND_REPORT</CMPNAME>
     <LANGU>F</LANGU>
     <DESCRIPT>Kind of a report</DESCRIPT>
    </SEOCOMPOTX>
    <SEOCOMPOTX>
     <CLSNAME>ZSD_CL_REPORTS_ABSTRACT</CLSNAME>
     <CMPNAME>MV_KIND_REPORT</CMPNAME>
     <LANGU>I</LANGU>
     <DESCRIPT>Kind of a report</DESCRIPT>
    </SEOCOMPOTX>
    <SEOCOMPOTX>
     <CLSNAME>ZSD_CL_REPORTS_ABSTRACT</CLSNAME>
     <CMPNAME>MV_KIND_REPORT</CMPNAME>
     <LANGU>J</LANGU>
     <DESCRIPT>Kind of a report</DESCRIPT>
    </SEOCOMPOTX>
    <SEOCOMPOTX>
     <CLSNAME>ZSD_CL_REPORTS_ABSTRACT</CLSNAME>
     <CMPNAME>MV_KIND_REPORT</CMPNAME>
     <LANGU>L</LANGU>
     <DESCRIPT>Kind of a report</DESCRIPT>
    </SEOCOMPOTX>
    <SEOCOMPOTX>
     <CLSNAME>ZSD_CL_REPORTS_ABSTRACT</CLSNAME>
     <CMPNAME>MV_KIND_REPORT</CMPNAME>
     <LANGU>N</LANGU>
     <DESCRIPT>Kind of a report</DESCRIPT>
    </SEOCOMPOTX>
    <SEOCOMPOTX>
     <CLSNAME>ZSD_CL_REPORTS_ABSTRACT</CLSNAME>
     <CMPNAME>MV_KIND_REPORT</CMPNAME>
     <LANGU>P</LANGU>
     <DESCRIPT>Kind of a report</DESCRIPT>
    </SEOCOMPOTX>
    <SEOCOMPOTX>
     <CLSNAME>ZSD_CL_REPORTS_ABSTRACT</CLSNAME>
     <CMPNAME>MV_KIND_REPORT</CMPNAME>
     <LANGU>R</LANGU>
     <DESCRIPT>Kind of a report</DESCRIPT>
    </SEOCOMPOTX>
    <SEOCOMPOTX>
     <CLSNAME>ZSD_CL_REPORTS_ABSTRACT</CLSNAME>
     <CMPNAME>MV_KIND_REPORT</CMPNAME>
     <LANGU>S</LANGU>
     <DESCRIPT>Kind of a report</DESCRIPT>
    </SEOCOMPOTX>
    <SEOCOMPOTX>
     <CLSNAME>ZSD_CL_REPORTS_ABSTRACT</CLSNAME>
     <CMPNAME>MV_KIND_REPORT</CMPNAME>
     <LANGU>V</LANGU>
     <DESCRIPT>Kind of a report</DESCRIPT>
    </SEOCOMPOTX>
    <SEOCOMPOTX>
     <CLSNAME>ZSD_CL_REPORTS_ABSTRACT</CLSNAME>
     <CMPNAME>MW_SELECT_OPTIONS</CMPNAME>
     <LANGU>1</LANGU>
     <DESCRIPT>Open Order Select Options</DESCRIPT>
    </SEOCOMPOTX>
    <SEOCOMPOTX>
     <CLSNAME>ZSD_CL_REPORTS_ABSTRACT</CLSNAME>
     <CMPNAME>MW_SELECT_OPTIONS</CMPNAME>
     <LANGU>2</LANGU>
     <DESCRIPT>Open Order Select Options</DESCRIPT>
    </SEOCOMPOTX>
    <SEOCOMPOTX>
     <CLSNAME>ZSD_CL_REPORTS_ABSTRACT</CLSNAME>
     <CMPNAME>MW_SELECT_OPTIONS</CMPNAME>
     <LANGU>3</LANGU>
     <DESCRIPT>Open Order Select Options</DESCRIPT>
    </SEOCOMPOTX>
    <SEOCOMPOTX>
     <CLSNAME>ZSD_CL_REPORTS_ABSTRACT</CLSNAME>
     <CMPNAME>MW_SELECT_OPTIONS</CMPNAME>
     <LANGU>D</LANGU>
     <DESCRIPT>Open Order Select Options</DESCRIPT>
    </SEOCOMPOTX>
    <SEOCOMPOTX>
     <CLSNAME>ZSD_CL_REPORTS_ABSTRACT</CLSNAME>
     <CMPNAME>MW_SELECT_OPTIONS</CMPNAME>
     <LANGU>E</LANGU>
     <DESCRIPT>Open Order Select Options</DESCRIPT>
    </SEOCOMPOTX>
    <SEOCOMPOTX>
     <CLSNAME>ZSD_CL_REPORTS_ABSTRACT</CLSNAME>
     <CMPNAME>MW_SELECT_OPTIONS</CMPNAME>
     <LANGU>F</LANGU>
     <DESCRIPT>Open Order Select Options</DESCRIPT>
    </SEOCOMPOTX>
    <SEOCOMPOTX>
     <CLSNAME>ZSD_CL_REPORTS_ABSTRACT</CLSNAME>
     <CMPNAME>MW_SELECT_OPTIONS</CMPNAME>
     <LANGU>I</LANGU>
     <DESCRIPT>Open Order Select Options</DESCRIPT>
    </SEOCOMPOTX>
    <SEOCOMPOTX>
     <CLSNAME>ZSD_CL_REPORTS_ABSTRACT</CLSNAME>
     <CMPNAME>MW_SELECT_OPTIONS</CMPNAME>
     <LANGU>J</LANGU>
     <DESCRIPT>Open Order Select Options</DESCRIPT>
    </SEOCOMPOTX>
    <SEOCOMPOTX>
     <CLSNAME>ZSD_CL_REPORTS_ABSTRACT</CLSNAME>
     <CMPNAME>MW_SELECT_OPTIONS</CMPNAME>
     <LANGU>L</LANGU>
     <DESCRIPT>Open Order Select Options</DESCRIPT>
    </SEOCOMPOTX>
    <SEOCOMPOTX>
     <CLSNAME>ZSD_CL_REPORTS_ABSTRACT</CLSNAME>
     <CMPNAME>MW_SELECT_OPTIONS</CMPNAME>
     <LANGU>N</LANGU>
     <DESCRIPT>Open Order Select Options</DESCRIPT>
    </SEOCOMPOTX>
    <SEOCOMPOTX>
     <CLSNAME>ZSD_CL_REPORTS_ABSTRACT</CLSNAME>
     <CMPNAME>MW_SELECT_OPTIONS</CMPNAME>
     <LANGU>P</LANGU>
     <DESCRIPT>Open Order Select Options</DESCRIPT>
    </SEOCOMPOTX>
    <SEOCOMPOTX>
     <CLSNAME>ZSD_CL_REPORTS_ABSTRACT</CLSNAME>
     <CMPNAME>MW_SELECT_OPTIONS</CMPNAME>
     <LANGU>R</LANGU>
     <DESCRIPT>Open Order Select Options</DESCRIPT>
    </SEOCOMPOTX>
    <SEOCOMPOTX>
     <CLSNAME>ZSD_CL_REPORTS_ABSTRACT</CLSNAME>
     <CMPNAME>MW_SELECT_OPTIONS</CMPNAME>
     <LANGU>S</LANGU>
     <DESCRIPT>Open Order Select Options</DESCRIPT>
    </SEOCOMPOTX>
    <SEOCOMPOTX>
     <CLSNAME>ZSD_CL_REPORTS_ABSTRACT</CLSNAME>
     <CMPNAME>MW_SELECT_OPTIONS</CMPNAME>
     <LANGU>V</LANGU>
     <DESCRIPT>Open Order Select Options</DESCRIPT>
    </SEOCOMPOTX>
    <SEOCOMPOTX>
     <CLSNAME>ZSD_CL_REPORTS_ABSTRACT</CLSNAME>
     <CMPNAME>THIS</CMPNAME>
     <LANGU>1</LANGU>
     <DESCRIPT>Abstract class of reports</DESCRIPT>
    </SEOCOMPOTX>
    <SEOCOMPOTX>
     <CLSNAME>ZSD_CL_REPORTS_ABSTRACT</CLSNAME>
     <CMPNAME>THIS</CMPNAME>
     <LANGU>2</LANGU>
     <DESCRIPT>Abstract class of reports</DESCRIPT>
    </SEOCOMPOTX>
    <SEOCOMPOTX>
     <CLSNAME>ZSD_CL_REPORTS_ABSTRACT</CLSNAME>
     <CMPNAME>THIS</CMPNAME>
     <LANGU>3</LANGU>
     <DESCRIPT>Abstract class of reports</DESCRIPT>
    </SEOCOMPOTX>
    <SEOCOMPOTX>
     <CLSNAME>ZSD_CL_REPORTS_ABSTRACT</CLSNAME>
     <CMPNAME>THIS</CMPNAME>
     <LANGU>D</LANGU>
     <DESCRIPT>Abstract class of reports</DESCRIPT>
    </SEOCOMPOTX>
    <SEOCOMPOTX>
     <CLSNAME>ZSD_CL_REPORTS_ABSTRACT</CLSNAME>
     <CMPNAME>THIS</CMPNAME>
     <LANGU>E</LANGU>
     <DESCRIPT>Abstract class of reports</DESCRIPT>
    </SEOCOMPOTX>
    <SEOCOMPOTX>
     <CLSNAME>ZSD_CL_REPORTS_ABSTRACT</CLSNAME>
     <CMPNAME>THIS</CMPNAME>
     <LANGU>F</LANGU>
     <DESCRIPT>Abstract class of reports</DESCRIPT>
    </SEOCOMPOTX>
    <SEOCOMPOTX>
     <CLSNAME>ZSD_CL_REPORTS_ABSTRACT</CLSNAME>
     <CMPNAME>THIS</CMPNAME>
     <LANGU>I</LANGU>
     <DESCRIPT>Abstract class of reports</DESCRIPT>
    </SEOCOMPOTX>
    <SEOCOMPOTX>
     <CLSNAME>ZSD_CL_REPORTS_ABSTRACT</CLSNAME>
     <CMPNAME>THIS</CMPNAME>
     <LANGU>J</LANGU>
     <DESCRIPT>Abstract class of reports</DESCRIPT>
    </SEOCOMPOTX>
    <SEOCOMPOTX>
     <CLSNAME>ZSD_CL_REPORTS_ABSTRACT</CLSNAME>
     <CMPNAME>THIS</CMPNAME>
     <LANGU>L</LANGU>
     <DESCRIPT>Abstract class of reports</DESCRIPT>
    </SEOCOMPOTX>
    <SEOCOMPOTX>
     <CLSNAME>ZSD_CL_REPORTS_ABSTRACT</CLSNAME>
     <CMPNAME>THIS</CMPNAME>
     <LANGU>N</LANGU>
     <DESCRIPT>Abstract class of reports</DESCRIPT>
    </SEOCOMPOTX>
    <SEOCOMPOTX>
     <CLSNAME>ZSD_CL_REPORTS_ABSTRACT</CLSNAME>
     <CMPNAME>THIS</CMPNAME>
     <LANGU>P</LANGU>
     <DESCRIPT>Abstract class of reports</DESCRIPT>
    </SEOCOMPOTX>
    <SEOCOMPOTX>
     <CLSNAME>ZSD_CL_REPORTS_ABSTRACT</CLSNAME>
     <CMPNAME>THIS</CMPNAME>
     <LANGU>R</LANGU>
     <DESCRIPT>Abstract class of reports</DESCRIPT>
    </SEOCOMPOTX>
    <SEOCOMPOTX>
     <CLSNAME>ZSD_CL_REPORTS_ABSTRACT</CLSNAME>
     <CMPNAME>THIS</CMPNAME>
     <LANGU>S</LANGU>
     <DESCRIPT>Abstract class of reports</DESCRIPT>
    </SEOCOMPOTX>
    <SEOCOMPOTX>
     <CLSNAME>ZSD_CL_REPORTS_ABSTRACT</CLSNAME>
     <CMPNAME>THIS</CMPNAME>
     <LANGU>V</LANGU>
     <DESCRIPT>Abstract class of reports</DESCRIPT>
    </SEOCOMPOTX>
   </DESCRIPTIONS>
  </asx:values>
 </asx:abap>
</abapGit>
