﻿<?xml version="1.0" encoding="utf-8"?>
<abapGit version="v1.0.0" serializer="LCL_OBJECT_TABL" serializer_version="v1.0.0">
 <asx:abap xmlns:asx="http://www.sap.com/abapxml" version="1.0">
  <asx:values>
   <DD02V>
    <TABNAME>ZSD_STR_OO_SELECT_OPTIONS</TABNAME>
    <DDLANGUAGE>E</DDLANGUAGE>
    <TABCLASS>INTTAB</TABCLASS>
    <DDTEXT>Open Order Select Options</DDTEXT>
    <EXCLASS>1</EXCLASS>
   </DD02V>
   <DD03P_TABLE>
    <DD03P>
     <TABNAME>ZSD_STR_OO_SELECT_OPTIONS</TABNAME>
     <FIELDNAME>CCODE</FIELDNAME>
     <POSITION>0001</POSITION>
     <ROLLNAME>TY_SO_BUKRS</ROLLNAME>
     <ADMINFIELD>0</ADMINFIELD>
     <DATATYPE>TTYP</DATATYPE>
     <MASK>  TTYPL</MASK>
     <COMPTYPE>L</COMPTYPE>
    </DD03P>
    <DD03P>
     <TABNAME>ZSD_STR_OO_SELECT_OPTIONS</TABNAME>
     <FIELDNAME>SALES_ORGANIZATION</FIELDNAME>
     <POSITION>0002</POSITION>
     <ROLLNAME>ZSD_TAB_SO_VKORG</ROLLNAME>
     <ADMINFIELD>0</ADMINFIELD>
     <DATATYPE>TTYP</DATATYPE>
     <MASK>  TTYPL</MASK>
     <COMPTYPE>L</COMPTYPE>
    </DD03P>
    <DD03P>
     <TABNAME>ZSD_STR_OO_SELECT_OPTIONS</TABNAME>
     <FIELDNAME>DISTRIBUTION_CHANNEL</FIELDNAME>
     <POSITION>0003</POSITION>
     <ROLLNAME>ZSD_TAB_SO_VTWEG</ROLLNAME>
     <ADMINFIELD>0</ADMINFIELD>
     <DATATYPE>TTYP</DATATYPE>
     <MASK>  TTYPL</MASK>
     <COMPTYPE>L</COMPTYPE>
    </DD03P>
    <DD03P>
     <TABNAME>ZSD_STR_OO_SELECT_OPTIONS</TABNAME>
     <FIELDNAME>DIVISION</FIELDNAME>
     <POSITION>0004</POSITION>
     <ROLLNAME>ZSD_TAB_SO_SPART</ROLLNAME>
     <ADMINFIELD>0</ADMINFIELD>
     <DATATYPE>TTYP</DATATYPE>
     <MASK>  TTYPL</MASK>
     <COMPTYPE>L</COMPTYPE>
    </DD03P>
    <DD03P>
     <TABNAME>ZSD_STR_OO_SELECT_OPTIONS</TABNAME>
     <FIELDNAME>SALES_OFFICE</FIELDNAME>
     <POSITION>0005</POSITION>
     <ROLLNAME>ZSD_TAB_SO_VKBUR</ROLLNAME>
     <ADMINFIELD>0</ADMINFIELD>
     <DATATYPE>TTYP</DATATYPE>
     <MASK>  TTYPL</MASK>
     <COMPTYPE>L</COMPTYPE>
    </DD03P>
    <DD03P>
     <TABNAME>ZSD_STR_OO_SELECT_OPTIONS</TABNAME>
     <FIELDNAME>DELIVERY_PLANT</FIELDNAME>
     <POSITION>0006</POSITION>
     <ROLLNAME>ZSD_TAB_SO_WERKS</ROLLNAME>
     <ADMINFIELD>0</ADMINFIELD>
     <DATATYPE>TTYP</DATATYPE>
     <MASK>  TTYPL</MASK>
     <COMPTYPE>L</COMPTYPE>
    </DD03P>
    <DD03P>
     <TABNAME>ZSD_STR_OO_SELECT_OPTIONS</TABNAME>
     <FIELDNAME>DOCUMENT_DATE</FIELDNAME>
     <POSITION>0007</POSITION>
     <ROLLNAME>ZSD_TAB_SO_AUDAT</ROLLNAME>
     <ADMINFIELD>0</ADMINFIELD>
     <DATATYPE>TTYP</DATATYPE>
     <MASK>  TTYPL</MASK>
     <COMPTYPE>L</COMPTYPE>
    </DD03P>
    <DD03P>
     <TABNAME>ZSD_STR_OO_SELECT_OPTIONS</TABNAME>
     <FIELDNAME>REQ_DEL_DATE</FIELDNAME>
     <POSITION>0008</POSITION>
     <ROLLNAME>ZSD_TAB_SO_VDATU</ROLLNAME>
     <ADMINFIELD>0</ADMINFIELD>
     <DATATYPE>TTYP</DATATYPE>
     <MASK>  TTYPL</MASK>
     <COMPTYPE>L</COMPTYPE>
    </DD03P>
    <DD03P>
     <TABNAME>ZSD_STR_OO_SELECT_OPTIONS</TABNAME>
     <FIELDNAME>SCHED_LINE_DATE</FIELDNAME>
     <POSITION>0009</POSITION>
     <ROLLNAME>ZSD_TAB_SO_EDATU</ROLLNAME>
     <ADMINFIELD>0</ADMINFIELD>
     <DATATYPE>TTYP</DATATYPE>
     <MASK>  TTYPL</MASK>
     <COMPTYPE>L</COMPTYPE>
    </DD03P>
    <DD03P>
     <TABNAME>ZSD_STR_OO_SELECT_OPTIONS</TABNAME>
     <FIELDNAME>CRED_REL_DATE</FIELDNAME>
     <POSITION>0010</POSITION>
     <ROLLNAME>ZSD_TAB_SO_CMFRE</ROLLNAME>
     <ADMINFIELD>0</ADMINFIELD>
     <DATATYPE>TTYP</DATATYPE>
     <MASK>  TTYPL</MASK>
     <COMPTYPE>L</COMPTYPE>
    </DD03P>
    <DD03P>
     <TABNAME>ZSD_STR_OO_SELECT_OPTIONS</TABNAME>
     <FIELDNAME>EXCHANGE_RATE_DATE</FIELDNAME>
     <POSITION>0011</POSITION>
     <ROLLNAME>EDATU_VBAK</ROLLNAME>
     <ADMINFIELD>0</ADMINFIELD>
     <SHLPORIGIN>T</SHLPORIGIN>
     <COMPTYPE>E</COMPTYPE>
    </DD03P>
    <DD03P>
     <TABNAME>ZSD_STR_OO_SELECT_OPTIONS</TABNAME>
     <FIELDNAME>SALES_DOCUMENT</FIELDNAME>
     <POSITION>0012</POSITION>
     <ROLLNAME>ZSD_TAB_SO_VBELN</ROLLNAME>
     <ADMINFIELD>0</ADMINFIELD>
     <DATATYPE>TTYP</DATATYPE>
     <MASK>  TTYPL</MASK>
     <COMPTYPE>L</COMPTYPE>
    </DD03P>
    <DD03P>
     <TABNAME>ZSD_STR_OO_SELECT_OPTIONS</TABNAME>
     <FIELDNAME>SALES_DOC_ITEM</FIELDNAME>
     <POSITION>0013</POSITION>
     <ROLLNAME>ZSD_TAB_SO_POSNR</ROLLNAME>
     <ADMINFIELD>0</ADMINFIELD>
     <DATATYPE>TTYP</DATATYPE>
     <MASK>  TTYPL</MASK>
     <COMPTYPE>L</COMPTYPE>
    </DD03P>
    <DD03P>
     <TABNAME>ZSD_STR_OO_SELECT_OPTIONS</TABNAME>
     <FIELDNAME>SALES_DOC_TYPE</FIELDNAME>
     <POSITION>0014</POSITION>
     <ROLLNAME>ZSD_TAB_SO_AUART</ROLLNAME>
     <ADMINFIELD>0</ADMINFIELD>
     <DATATYPE>TTYP</DATATYPE>
     <MASK>  TTYPL</MASK>
     <COMPTYPE>L</COMPTYPE>
    </DD03P>
    <DD03P>
     <TABNAME>ZSD_STR_OO_SELECT_OPTIONS</TABNAME>
     <FIELDNAME>SOLD_CUSTOMER</FIELDNAME>
     <POSITION>0015</POSITION>
     <ROLLNAME>ZSD_TAB_SO_KUNAG</ROLLNAME>
     <ADMINFIELD>0</ADMINFIELD>
     <DATATYPE>TTYP</DATATYPE>
     <MASK>  TTYPL</MASK>
     <COMPTYPE>L</COMPTYPE>
    </DD03P>
    <DD03P>
     <TABNAME>ZSD_STR_OO_SELECT_OPTIONS</TABNAME>
     <FIELDNAME>CUST_PO_NUMBER</FIELDNAME>
     <POSITION>0016</POSITION>
     <ROLLNAME>ZSD_TAB_SO_BSTKD</ROLLNAME>
     <ADMINFIELD>0</ADMINFIELD>
     <DATATYPE>TTYP</DATATYPE>
     <MASK>  TTYPL</MASK>
     <COMPTYPE>L</COMPTYPE>
    </DD03P>
    <DD03P>
     <TABNAME>ZSD_STR_OO_SELECT_OPTIONS</TABNAME>
     <FIELDNAME>CREATED_BY</FIELDNAME>
     <POSITION>0017</POSITION>
     <ROLLNAME>ZSD_TAB_SO_ERNAM</ROLLNAME>
     <ADMINFIELD>0</ADMINFIELD>
     <DATATYPE>TTYP</DATATYPE>
     <MASK>  TTYPL</MASK>
     <COMPTYPE>L</COMPTYPE>
    </DD03P>
    <DD03P>
     <TABNAME>ZSD_STR_OO_SELECT_OPTIONS</TABNAME>
     <FIELDNAME>REJECTED</FIELDNAME>
     <POSITION>0018</POSITION>
     <ROLLNAME>BOOLEAN</ROLLNAME>
     <ADMINFIELD>0</ADMINFIELD>
     <VALEXI>X</VALEXI>
     <SHLPORIGIN>F</SHLPORIGIN>
     <COMPTYPE>E</COMPTYPE>
    </DD03P>
    <DD03P>
     <TABNAME>ZSD_STR_OO_SELECT_OPTIONS</TABNAME>
     <FIELDNAME>REASON_REJECT</FIELDNAME>
     <POSITION>0019</POSITION>
     <ROLLNAME>ZSD_TAB_SO_ABGRU</ROLLNAME>
     <ADMINFIELD>0</ADMINFIELD>
     <DATATYPE>TTYP</DATATYPE>
     <MASK>  TTYPL</MASK>
     <COMPTYPE>L</COMPTYPE>
    </DD03P>
    <DD03P>
     <TABNAME>ZSD_STR_OO_SELECT_OPTIONS</TABNAME>
     <FIELDNAME>MATERIAL_NUMBER</FIELDNAME>
     <POSITION>0020</POSITION>
     <ROLLNAME>ZSD_TAB_SO_MATNR</ROLLNAME>
     <ADMINFIELD>0</ADMINFIELD>
     <DATATYPE>TTYP</DATATYPE>
     <MASK>  TTYPL</MASK>
     <COMPTYPE>L</COMPTYPE>
    </DD03P>
    <DD03P>
     <TABNAME>ZSD_STR_OO_SELECT_OPTIONS</TABNAME>
     <FIELDNAME>PROD_HIER</FIELDNAME>
     <POSITION>0021</POSITION>
     <ROLLNAME>ZSD_TAB_SO_PRODH</ROLLNAME>
     <ADMINFIELD>0</ADMINFIELD>
     <DATATYPE>TTYP</DATATYPE>
     <MASK>  TTYPL</MASK>
     <COMPTYPE>L</COMPTYPE>
    </DD03P>
    <DD03P>
     <TABNAME>ZSD_STR_OO_SELECT_OPTIONS</TABNAME>
     <FIELDNAME>USAGE</FIELDNAME>
     <POSITION>0022</POSITION>
     <ROLLNAME>ZSD_TAB_SO_ABRVW</ROLLNAME>
     <ADMINFIELD>0</ADMINFIELD>
     <DATATYPE>TTYP</DATATYPE>
     <MASK>  TTYPL</MASK>
     <COMPTYPE>L</COMPTYPE>
    </DD03P>
    <DD03P>
     <TABNAME>ZSD_STR_OO_SELECT_OPTIONS</TABNAME>
     <FIELDNAME>LAYOUT</FIELDNAME>
     <POSITION>0023</POSITION>
     <ROLLNAME>SLIS_VARI</ROLLNAME>
     <ADMINFIELD>0</ADMINFIELD>
     <COMPTYPE>E</COMPTYPE>
    </DD03P>
   </DD03P_TABLE>
  </asx:values>
 </asx:abap>
</abapGit>
