﻿<?xml version="1.0" encoding="utf-8"?>
<abapGit version="v1.0.0" serializer="LCL_OBJECT_PROG" serializer_version="v1.0.0">
 <asx:abap xmlns:asx="http://www.sap.com/abapxml" version="1.0">
  <asx:values>
   <PROGDIR>
    <NAME>ZSD_OPEN_ORDER_NEW</NAME>
    <STATE>A</STATE>
    <VARCL>X</VARCL>
    <DBAPL>S</DBAPL>
    <SUBC>1</SUBC>
    <FIXPT>X</FIXPT>
    <LDBNAME>D$S</LDBNAME>
    <UCCHECK>X</UCCHECK>
   </PROGDIR>
   <TPOOL>
    <item>
     <ID>I</ID>
     <KEY>001</KEY>
     <ENTRY>Organizational Data</ENTRY>
     <LENGTH>29</LENGTH>
    </item>
    <item>
     <ID>I</ID>
     <KEY>002</KEY>
     <ENTRY>Period for Analysis</ENTRY>
     <LENGTH>29</LENGTH>
    </item>
    <item>
     <ID>I</ID>
     <KEY>003</KEY>
     <ENTRY>Document Selection</ENTRY>
     <LENGTH>28</LENGTH>
    </item>
    <item>
     <ID>I</ID>
     <KEY>004</KEY>
     <ENTRY>Material Selection</ENTRY>
     <LENGTH>28</LENGTH>
    </item>
    <item>
     <ID>I</ID>
     <KEY>005</KEY>
     <ENTRY>Miscellaneous Selection</ENTRY>
     <LENGTH>46</LENGTH>
    </item>
    <item>
     <ID>I</ID>
     <KEY>006</KEY>
     <ENTRY>Output Properties</ENTRY>
     <LENGTH>27</LENGTH>
    </item>
    <item>
     <ID>R</ID>
     <ENTRY>Open Order</ENTRY>
     <LENGTH>10</LENGTH>
    </item>
    <item>
     <ID>S</ID>
     <KEY>P_EXDTE</KEY>
     <ENTRY>Currency Exchange Rate Date</ENTRY>
     <LENGTH>35</LENGTH>
    </item>
    <item>
     <ID>S</ID>
     <KEY>P_REJECT</KEY>
     <ENTRY>Include Rejected Lines</ENTRY>
     <LENGTH>35</LENGTH>
    </item>
    <item>
     <ID>S</ID>
     <KEY>P_VARI</KEY>
     <ENTRY>.</ENTRY>
     <LENGTH>14</LENGTH>
     <SPLIT>D</SPLIT>
    </item>
    <item>
     <ID>S</ID>
     <KEY>S_ABRVW</KEY>
     <ENTRY>.</ENTRY>
     <LENGTH>13</LENGTH>
     <SPLIT>D</SPLIT>
    </item>
    <item>
     <ID>S</ID>
     <KEY>S_AUART</KEY>
     <ENTRY>.</ENTRY>
     <LENGTH>27</LENGTH>
     <SPLIT>D</SPLIT>
    </item>
    <item>
     <ID>S</ID>
     <KEY>S_AUDAT</KEY>
     <ENTRY>.</ENTRY>
     <LENGTH>21</LENGTH>
     <SPLIT>D</SPLIT>
    </item>
    <item>
     <ID>S</ID>
     <KEY>S_BSTKD</KEY>
     <ENTRY>Customer PO Number</ENTRY>
     <LENGTH>26</LENGTH>
    </item>
    <item>
     <ID>S</ID>
     <KEY>S_BUKRS</KEY>
     <ENTRY>Company Code</ENTRY>
     <LENGTH>26</LENGTH>
    </item>
    <item>
     <ID>S</ID>
     <KEY>S_CRREL</KEY>
     <ENTRY>Credit Release Date</ENTRY>
     <LENGTH>27</LENGTH>
    </item>
    <item>
     <ID>S</ID>
     <KEY>S_EDATU</KEY>
     <ENTRY>Scheduled Delivery Date</ENTRY>
     <LENGTH>31</LENGTH>
    </item>
    <item>
     <ID>S</ID>
     <KEY>S_ERNAM</KEY>
     <ENTRY>.</ENTRY>
     <LENGTH>18</LENGTH>
     <SPLIT>D</SPLIT>
    </item>
    <item>
     <ID>S</ID>
     <KEY>S_KUNNR</KEY>
     <ENTRY>Sold-To Customer</ENTRY>
     <LENGTH>24</LENGTH>
    </item>
    <item>
     <ID>S</ID>
     <KEY>S_MATNR</KEY>
     <ENTRY>.</ENTRY>
     <LENGTH>16</LENGTH>
     <SPLIT>D</SPLIT>
    </item>
    <item>
     <ID>S</ID>
     <KEY>S_POSNR</KEY>
     <ENTRY>.</ENTRY>
     <LENGTH>27</LENGTH>
     <SPLIT>D</SPLIT>
    </item>
    <item>
     <ID>S</ID>
     <KEY>S_PRODH</KEY>
     <ENTRY>.</ENTRY>
     <LENGTH>25</LENGTH>
     <SPLIT>D</SPLIT>
    </item>
    <item>
     <ID>S</ID>
     <KEY>S_SPART</KEY>
     <ENTRY>.</ENTRY>
     <LENGTH>16</LENGTH>
     <SPLIT>D</SPLIT>
    </item>
    <item>
     <ID>S</ID>
     <KEY>S_VBELN</KEY>
     <ENTRY>.</ENTRY>
     <LENGTH>22</LENGTH>
     <SPLIT>D</SPLIT>
    </item>
    <item>
     <ID>S</ID>
     <KEY>S_VDATU</KEY>
     <ENTRY>Requested Delivery Date</ENTRY>
     <LENGTH>31</LENGTH>
    </item>
    <item>
     <ID>S</ID>
     <KEY>S_VKBUR</KEY>
     <ENTRY>.</ENTRY>
     <LENGTH>20</LENGTH>
     <SPLIT>D</SPLIT>
    </item>
    <item>
     <ID>S</ID>
     <KEY>S_VKORG</KEY>
     <ENTRY>.</ENTRY>
     <LENGTH>26</LENGTH>
     <SPLIT>D</SPLIT>
    </item>
    <item>
     <ID>S</ID>
     <KEY>S_VTWEG</KEY>
     <ENTRY>.</ENTRY>
     <LENGTH>28</LENGTH>
     <SPLIT>D</SPLIT>
    </item>
    <item>
     <ID>S</ID>
     <KEY>S_WERKS</KEY>
     <ENTRY>Delivering Plant</ENTRY>
     <LENGTH>24</LENGTH>
    </item>
   </TPOOL>
   <I18N_TPOOL>
    <item>
     <LANGUAGE>1</LANGUAGE>
     <TEXTPOOL>
      <item>
       <ID>I</ID>
       <KEY>001</KEY>
       <ENTRY>Organizational Data</ENTRY>
       <LENGTH>29</LENGTH>
      </item>
      <item>
       <ID>I</ID>
       <KEY>002</KEY>
       <ENTRY>Period for Analysis</ENTRY>
       <LENGTH>29</LENGTH>
      </item>
      <item>
       <ID>I</ID>
       <KEY>003</KEY>
       <ENTRY>Document Selection</ENTRY>
       <LENGTH>28</LENGTH>
      </item>
      <item>
       <ID>I</ID>
       <KEY>004</KEY>
       <ENTRY>Material Selection</ENTRY>
       <LENGTH>28</LENGTH>
      </item>
      <item>
       <ID>I</ID>
       <KEY>005</KEY>
       <ENTRY>Miscellaneous Selection</ENTRY>
       <LENGTH>46</LENGTH>
      </item>
      <item>
       <ID>I</ID>
       <KEY>006</KEY>
       <ENTRY>Output Properties</ENTRY>
       <LENGTH>27</LENGTH>
      </item>
      <item>
       <ID>R</ID>
       <ENTRY>Open Order</ENTRY>
       <LENGTH>70</LENGTH>
      </item>
      <item>
       <ID>S</ID>
       <KEY>P_EXDTE</KEY>
       <ENTRY>Currency Exchange Rate Date</ENTRY>
       <LENGTH>38</LENGTH>
      </item>
      <item>
       <ID>S</ID>
       <KEY>P_REJECT</KEY>
       <ENTRY>Include Rejected Lines</ENTRY>
       <LENGTH>38</LENGTH>
      </item>
      <item>
       <ID>S</ID>
       <KEY>S_BSTKD</KEY>
       <ENTRY>Customer PO Number</ENTRY>
       <LENGTH>38</LENGTH>
      </item>
      <item>
       <ID>S</ID>
       <KEY>S_BUKRS</KEY>
       <ENTRY>Company Code</ENTRY>
       <LENGTH>38</LENGTH>
      </item>
      <item>
       <ID>S</ID>
       <KEY>S_CRREL</KEY>
       <ENTRY>Credit Release Date</ENTRY>
       <LENGTH>38</LENGTH>
      </item>
      <item>
       <ID>S</ID>
       <KEY>S_EDATU</KEY>
       <ENTRY>Scheduled Delivery Date</ENTRY>
       <LENGTH>38</LENGTH>
      </item>
      <item>
       <ID>S</ID>
       <KEY>S_KUNNR</KEY>
       <ENTRY>Sold-To Customer</ENTRY>
       <LENGTH>38</LENGTH>
      </item>
      <item>
       <ID>S</ID>
       <KEY>S_VDATU</KEY>
       <ENTRY>Requested Delivery Date</ENTRY>
       <LENGTH>38</LENGTH>
      </item>
      <item>
       <ID>S</ID>
       <KEY>S_WERKS</KEY>
       <ENTRY>Delivering Plant</ENTRY>
       <LENGTH>38</LENGTH>
      </item>
      <item>
       <ID>S</ID>
       <KEY>P_VARI</KEY>
       <ENTRY>.</ENTRY>
       <LENGTH>14</LENGTH>
       <SPLIT>D</SPLIT>
      </item>
      <item>
       <ID>S</ID>
       <KEY>S_ABRVW</KEY>
       <ENTRY>.</ENTRY>
       <LENGTH>13</LENGTH>
       <SPLIT>D</SPLIT>
      </item>
      <item>
       <ID>S</ID>
       <KEY>S_AUART</KEY>
       <ENTRY>.</ENTRY>
       <LENGTH>27</LENGTH>
       <SPLIT>D</SPLIT>
      </item>
      <item>
       <ID>S</ID>
       <KEY>S_AUDAT</KEY>
       <ENTRY>.</ENTRY>
       <LENGTH>21</LENGTH>
       <SPLIT>D</SPLIT>
      </item>
      <item>
       <ID>S</ID>
       <KEY>S_ERNAM</KEY>
       <ENTRY>.</ENTRY>
       <LENGTH>18</LENGTH>
       <SPLIT>D</SPLIT>
      </item>
      <item>
       <ID>S</ID>
       <KEY>S_MATNR</KEY>
       <ENTRY>.</ENTRY>
       <LENGTH>16</LENGTH>
       <SPLIT>D</SPLIT>
      </item>
      <item>
       <ID>S</ID>
       <KEY>S_POSNR</KEY>
       <ENTRY>.</ENTRY>
       <LENGTH>27</LENGTH>
       <SPLIT>D</SPLIT>
      </item>
      <item>
       <ID>S</ID>
       <KEY>S_PRODH</KEY>
       <ENTRY>.</ENTRY>
       <LENGTH>25</LENGTH>
       <SPLIT>D</SPLIT>
      </item>
      <item>
       <ID>S</ID>
       <KEY>S_SPART</KEY>
       <ENTRY>.</ENTRY>
       <LENGTH>16</LENGTH>
       <SPLIT>D</SPLIT>
      </item>
      <item>
       <ID>S</ID>
       <KEY>S_VBELN</KEY>
       <ENTRY>.</ENTRY>
       <LENGTH>22</LENGTH>
       <SPLIT>D</SPLIT>
      </item>
      <item>
       <ID>S</ID>
       <KEY>S_VKBUR</KEY>
       <ENTRY>.</ENTRY>
       <LENGTH>20</LENGTH>
       <SPLIT>D</SPLIT>
      </item>
      <item>
       <ID>S</ID>
       <KEY>S_VKORG</KEY>
       <ENTRY>.</ENTRY>
       <LENGTH>26</LENGTH>
       <SPLIT>D</SPLIT>
      </item>
      <item>
       <ID>S</ID>
       <KEY>S_VTWEG</KEY>
       <ENTRY>.</ENTRY>
       <LENGTH>28</LENGTH>
       <SPLIT>D</SPLIT>
      </item>
     </TEXTPOOL>
    </item>
    <item>
     <LANGUAGE>2</LANGUAGE>
     <TEXTPOOL>
      <item>
       <ID>I</ID>
       <KEY>001</KEY>
       <ENTRY>Organizational Data</ENTRY>
       <LENGTH>29</LENGTH>
      </item>
      <item>
       <ID>I</ID>
       <KEY>002</KEY>
       <ENTRY>Period for Analysis</ENTRY>
       <LENGTH>29</LENGTH>
      </item>
      <item>
       <ID>I</ID>
       <KEY>003</KEY>
       <ENTRY>Document Selection</ENTRY>
       <LENGTH>28</LENGTH>
      </item>
      <item>
       <ID>I</ID>
       <KEY>004</KEY>
       <ENTRY>Material Selection</ENTRY>
       <LENGTH>28</LENGTH>
      </item>
      <item>
       <ID>I</ID>
       <KEY>005</KEY>
       <ENTRY>Miscellaneous Selection</ENTRY>
       <LENGTH>46</LENGTH>
      </item>
      <item>
       <ID>I</ID>
       <KEY>006</KEY>
       <ENTRY>Output Properties</ENTRY>
       <LENGTH>27</LENGTH>
      </item>
      <item>
       <ID>R</ID>
       <ENTRY>Open Order</ENTRY>
       <LENGTH>70</LENGTH>
      </item>
      <item>
       <ID>S</ID>
       <KEY>P_EXDTE</KEY>
       <ENTRY>Currency Exchange Rate Date</ENTRY>
       <LENGTH>38</LENGTH>
      </item>
      <item>
       <ID>S</ID>
       <KEY>P_REJECT</KEY>
       <ENTRY>Include Rejected Lines</ENTRY>
       <LENGTH>38</LENGTH>
      </item>
      <item>
       <ID>S</ID>
       <KEY>S_BSTKD</KEY>
       <ENTRY>Customer PO Number</ENTRY>
       <LENGTH>38</LENGTH>
      </item>
      <item>
       <ID>S</ID>
       <KEY>S_BUKRS</KEY>
       <ENTRY>Company Code</ENTRY>
       <LENGTH>38</LENGTH>
      </item>
      <item>
       <ID>S</ID>
       <KEY>S_CRREL</KEY>
       <ENTRY>Credit Release Date</ENTRY>
       <LENGTH>38</LENGTH>
      </item>
      <item>
       <ID>S</ID>
       <KEY>S_EDATU</KEY>
       <ENTRY>Scheduled Delivery Date</ENTRY>
       <LENGTH>38</LENGTH>
      </item>
      <item>
       <ID>S</ID>
       <KEY>S_KUNNR</KEY>
       <ENTRY>Sold-To Customer</ENTRY>
       <LENGTH>38</LENGTH>
      </item>
      <item>
       <ID>S</ID>
       <KEY>S_VDATU</KEY>
       <ENTRY>Requested Delivery Date</ENTRY>
       <LENGTH>38</LENGTH>
      </item>
      <item>
       <ID>S</ID>
       <KEY>S_WERKS</KEY>
       <ENTRY>Delivering Plant</ENTRY>
       <LENGTH>38</LENGTH>
      </item>
      <item>
       <ID>S</ID>
       <KEY>P_VARI</KEY>
       <ENTRY>.</ENTRY>
       <LENGTH>14</LENGTH>
       <SPLIT>D</SPLIT>
      </item>
      <item>
       <ID>S</ID>
       <KEY>S_ABRVW</KEY>
       <ENTRY>.</ENTRY>
       <LENGTH>13</LENGTH>
       <SPLIT>D</SPLIT>
      </item>
      <item>
       <ID>S</ID>
       <KEY>S_AUART</KEY>
       <ENTRY>.</ENTRY>
       <LENGTH>27</LENGTH>
       <SPLIT>D</SPLIT>
      </item>
      <item>
       <ID>S</ID>
       <KEY>S_AUDAT</KEY>
       <ENTRY>.</ENTRY>
       <LENGTH>21</LENGTH>
       <SPLIT>D</SPLIT>
      </item>
      <item>
       <ID>S</ID>
       <KEY>S_ERNAM</KEY>
       <ENTRY>.</ENTRY>
       <LENGTH>18</LENGTH>
       <SPLIT>D</SPLIT>
      </item>
      <item>
       <ID>S</ID>
       <KEY>S_MATNR</KEY>
       <ENTRY>.</ENTRY>
       <LENGTH>16</LENGTH>
       <SPLIT>D</SPLIT>
      </item>
      <item>
       <ID>S</ID>
       <KEY>S_POSNR</KEY>
       <ENTRY>.</ENTRY>
       <LENGTH>27</LENGTH>
       <SPLIT>D</SPLIT>
      </item>
      <item>
       <ID>S</ID>
       <KEY>S_PRODH</KEY>
       <ENTRY>.</ENTRY>
       <LENGTH>25</LENGTH>
       <SPLIT>D</SPLIT>
      </item>
      <item>
       <ID>S</ID>
       <KEY>S_SPART</KEY>
       <ENTRY>.</ENTRY>
       <LENGTH>16</LENGTH>
       <SPLIT>D</SPLIT>
      </item>
      <item>
       <ID>S</ID>
       <KEY>S_VBELN</KEY>
       <ENTRY>.</ENTRY>
       <LENGTH>22</LENGTH>
       <SPLIT>D</SPLIT>
      </item>
      <item>
       <ID>S</ID>
       <KEY>S_VKBUR</KEY>
       <ENTRY>.</ENTRY>
       <LENGTH>20</LENGTH>
       <SPLIT>D</SPLIT>
      </item>
      <item>
       <ID>S</ID>
       <KEY>S_VKORG</KEY>
       <ENTRY>.</ENTRY>
       <LENGTH>26</LENGTH>
       <SPLIT>D</SPLIT>
      </item>
      <item>
       <ID>S</ID>
       <KEY>S_VTWEG</KEY>
       <ENTRY>.</ENTRY>
       <LENGTH>28</LENGTH>
       <SPLIT>D</SPLIT>
      </item>
     </TEXTPOOL>
    </item>
    <item>
     <LANGUAGE>3</LANGUAGE>
     <TEXTPOOL>
      <item>
       <ID>I</ID>
       <KEY>001</KEY>
       <ENTRY>Organizational Data</ENTRY>
       <LENGTH>29</LENGTH>
      </item>
      <item>
       <ID>I</ID>
       <KEY>002</KEY>
       <ENTRY>Period for Analysis</ENTRY>
       <LENGTH>29</LENGTH>
      </item>
      <item>
       <ID>I</ID>
       <KEY>003</KEY>
       <ENTRY>Document Selection</ENTRY>
       <LENGTH>28</LENGTH>
      </item>
      <item>
       <ID>I</ID>
       <KEY>004</KEY>
       <ENTRY>Material Selection</ENTRY>
       <LENGTH>28</LENGTH>
      </item>
      <item>
       <ID>I</ID>
       <KEY>005</KEY>
       <ENTRY>Miscellaneous Selection</ENTRY>
       <LENGTH>46</LENGTH>
      </item>
      <item>
       <ID>I</ID>
       <KEY>006</KEY>
       <ENTRY>Output Properties</ENTRY>
       <LENGTH>27</LENGTH>
      </item>
      <item>
       <ID>R</ID>
       <ENTRY>Open Order</ENTRY>
       <LENGTH>70</LENGTH>
      </item>
      <item>
       <ID>S</ID>
       <KEY>P_EXDTE</KEY>
       <ENTRY>Currency Exchange Rate Date</ENTRY>
       <LENGTH>38</LENGTH>
      </item>
      <item>
       <ID>S</ID>
       <KEY>P_REJECT</KEY>
       <ENTRY>Include Rejected Lines</ENTRY>
       <LENGTH>38</LENGTH>
      </item>
      <item>
       <ID>S</ID>
       <KEY>S_BSTKD</KEY>
       <ENTRY>Customer PO Number</ENTRY>
       <LENGTH>38</LENGTH>
      </item>
      <item>
       <ID>S</ID>
       <KEY>S_BUKRS</KEY>
       <ENTRY>Company Code</ENTRY>
       <LENGTH>38</LENGTH>
      </item>
      <item>
       <ID>S</ID>
       <KEY>S_CRREL</KEY>
       <ENTRY>Credit Release Date</ENTRY>
       <LENGTH>38</LENGTH>
      </item>
      <item>
       <ID>S</ID>
       <KEY>S_EDATU</KEY>
       <ENTRY>Scheduled Delivery Date</ENTRY>
       <LENGTH>38</LENGTH>
      </item>
      <item>
       <ID>S</ID>
       <KEY>S_KUNNR</KEY>
       <ENTRY>Sold-To Customer</ENTRY>
       <LENGTH>38</LENGTH>
      </item>
      <item>
       <ID>S</ID>
       <KEY>S_VDATU</KEY>
       <ENTRY>Requested Delivery Date</ENTRY>
       <LENGTH>38</LENGTH>
      </item>
      <item>
       <ID>S</ID>
       <KEY>S_WERKS</KEY>
       <ENTRY>Delivering Plant</ENTRY>
       <LENGTH>38</LENGTH>
      </item>
      <item>
       <ID>S</ID>
       <KEY>P_VARI</KEY>
       <ENTRY>.</ENTRY>
       <LENGTH>14</LENGTH>
       <SPLIT>D</SPLIT>
      </item>
      <item>
       <ID>S</ID>
       <KEY>S_ABRVW</KEY>
       <ENTRY>.</ENTRY>
       <LENGTH>13</LENGTH>
       <SPLIT>D</SPLIT>
      </item>
      <item>
       <ID>S</ID>
       <KEY>S_AUART</KEY>
       <ENTRY>.</ENTRY>
       <LENGTH>27</LENGTH>
       <SPLIT>D</SPLIT>
      </item>
      <item>
       <ID>S</ID>
       <KEY>S_AUDAT</KEY>
       <ENTRY>.</ENTRY>
       <LENGTH>21</LENGTH>
       <SPLIT>D</SPLIT>
      </item>
      <item>
       <ID>S</ID>
       <KEY>S_ERNAM</KEY>
       <ENTRY>.</ENTRY>
       <LENGTH>18</LENGTH>
       <SPLIT>D</SPLIT>
      </item>
      <item>
       <ID>S</ID>
       <KEY>S_MATNR</KEY>
       <ENTRY>.</ENTRY>
       <LENGTH>16</LENGTH>
       <SPLIT>D</SPLIT>
      </item>
      <item>
       <ID>S</ID>
       <KEY>S_POSNR</KEY>
       <ENTRY>.</ENTRY>
       <LENGTH>27</LENGTH>
       <SPLIT>D</SPLIT>
      </item>
      <item>
       <ID>S</ID>
       <KEY>S_PRODH</KEY>
       <ENTRY>.</ENTRY>
       <LENGTH>25</LENGTH>
       <SPLIT>D</SPLIT>
      </item>
      <item>
       <ID>S</ID>
       <KEY>S_SPART</KEY>
       <ENTRY>.</ENTRY>
       <LENGTH>16</LENGTH>
       <SPLIT>D</SPLIT>
      </item>
      <item>
       <ID>S</ID>
       <KEY>S_VBELN</KEY>
       <ENTRY>.</ENTRY>
       <LENGTH>22</LENGTH>
       <SPLIT>D</SPLIT>
      </item>
      <item>
       <ID>S</ID>
       <KEY>S_VKBUR</KEY>
       <ENTRY>.</ENTRY>
       <LENGTH>20</LENGTH>
       <SPLIT>D</SPLIT>
      </item>
      <item>
       <ID>S</ID>
       <KEY>S_VKORG</KEY>
       <ENTRY>.</ENTRY>
       <LENGTH>26</LENGTH>
       <SPLIT>D</SPLIT>
      </item>
      <item>
       <ID>S</ID>
       <KEY>S_VTWEG</KEY>
       <ENTRY>.</ENTRY>
       <LENGTH>28</LENGTH>
       <SPLIT>D</SPLIT>
      </item>
     </TEXTPOOL>
    </item>
    <item>
     <LANGUAGE>D</LANGUAGE>
     <TEXTPOOL>
      <item>
       <ID>I</ID>
       <KEY>001</KEY>
       <ENTRY>Organizational Data</ENTRY>
       <LENGTH>29</LENGTH>
      </item>
      <item>
       <ID>I</ID>
       <KEY>002</KEY>
       <ENTRY>Period for Analysis</ENTRY>
       <LENGTH>29</LENGTH>
      </item>
      <item>
       <ID>I</ID>
       <KEY>003</KEY>
       <ENTRY>Document Selection</ENTRY>
       <LENGTH>28</LENGTH>
      </item>
      <item>
       <ID>I</ID>
       <KEY>004</KEY>
       <ENTRY>Material Selection</ENTRY>
       <LENGTH>28</LENGTH>
      </item>
      <item>
       <ID>I</ID>
       <KEY>005</KEY>
       <ENTRY>Miscellaneous Selection</ENTRY>
       <LENGTH>46</LENGTH>
      </item>
      <item>
       <ID>I</ID>
       <KEY>006</KEY>
       <ENTRY>Output Properties</ENTRY>
       <LENGTH>27</LENGTH>
      </item>
      <item>
       <ID>R</ID>
       <ENTRY>Open Order</ENTRY>
       <LENGTH>70</LENGTH>
      </item>
      <item>
       <ID>S</ID>
       <KEY>P_EXDTE</KEY>
       <ENTRY>Currency Exchange Rate Date</ENTRY>
       <LENGTH>38</LENGTH>
      </item>
      <item>
       <ID>S</ID>
       <KEY>P_REJECT</KEY>
       <ENTRY>Include Rejected Lines</ENTRY>
       <LENGTH>38</LENGTH>
      </item>
      <item>
       <ID>S</ID>
       <KEY>S_BSTKD</KEY>
       <ENTRY>Customer PO Number</ENTRY>
       <LENGTH>38</LENGTH>
      </item>
      <item>
       <ID>S</ID>
       <KEY>S_BUKRS</KEY>
       <ENTRY>Company Code</ENTRY>
       <LENGTH>38</LENGTH>
      </item>
      <item>
       <ID>S</ID>
       <KEY>S_CRREL</KEY>
       <ENTRY>Credit Release Date</ENTRY>
       <LENGTH>38</LENGTH>
      </item>
      <item>
       <ID>S</ID>
       <KEY>S_EDATU</KEY>
       <ENTRY>Scheduled Delivery Date</ENTRY>
       <LENGTH>38</LENGTH>
      </item>
      <item>
       <ID>S</ID>
       <KEY>S_KUNNR</KEY>
       <ENTRY>Sold-To Customer</ENTRY>
       <LENGTH>38</LENGTH>
      </item>
      <item>
       <ID>S</ID>
       <KEY>S_VDATU</KEY>
       <ENTRY>Requested Delivery Date</ENTRY>
       <LENGTH>38</LENGTH>
      </item>
      <item>
       <ID>S</ID>
       <KEY>S_WERKS</KEY>
       <ENTRY>Delivering Plant</ENTRY>
       <LENGTH>38</LENGTH>
      </item>
      <item>
       <ID>S</ID>
       <KEY>P_VARI</KEY>
       <ENTRY>.</ENTRY>
       <LENGTH>14</LENGTH>
       <SPLIT>D</SPLIT>
      </item>
      <item>
       <ID>S</ID>
       <KEY>S_ABRVW</KEY>
       <ENTRY>.</ENTRY>
       <LENGTH>13</LENGTH>
       <SPLIT>D</SPLIT>
      </item>
      <item>
       <ID>S</ID>
       <KEY>S_AUART</KEY>
       <ENTRY>.</ENTRY>
       <LENGTH>27</LENGTH>
       <SPLIT>D</SPLIT>
      </item>
      <item>
       <ID>S</ID>
       <KEY>S_AUDAT</KEY>
       <ENTRY>.</ENTRY>
       <LENGTH>21</LENGTH>
       <SPLIT>D</SPLIT>
      </item>
      <item>
       <ID>S</ID>
       <KEY>S_ERNAM</KEY>
       <ENTRY>.</ENTRY>
       <LENGTH>18</LENGTH>
       <SPLIT>D</SPLIT>
      </item>
      <item>
       <ID>S</ID>
       <KEY>S_MATNR</KEY>
       <ENTRY>.</ENTRY>
       <LENGTH>16</LENGTH>
       <SPLIT>D</SPLIT>
      </item>
      <item>
       <ID>S</ID>
       <KEY>S_POSNR</KEY>
       <ENTRY>.</ENTRY>
       <LENGTH>27</LENGTH>
       <SPLIT>D</SPLIT>
      </item>
      <item>
       <ID>S</ID>
       <KEY>S_PRODH</KEY>
       <ENTRY>.</ENTRY>
       <LENGTH>25</LENGTH>
       <SPLIT>D</SPLIT>
      </item>
      <item>
       <ID>S</ID>
       <KEY>S_SPART</KEY>
       <ENTRY>.</ENTRY>
       <LENGTH>16</LENGTH>
       <SPLIT>D</SPLIT>
      </item>
      <item>
       <ID>S</ID>
       <KEY>S_VBELN</KEY>
       <ENTRY>.</ENTRY>
       <LENGTH>22</LENGTH>
       <SPLIT>D</SPLIT>
      </item>
      <item>
       <ID>S</ID>
       <KEY>S_VKBUR</KEY>
       <ENTRY>.</ENTRY>
       <LENGTH>20</LENGTH>
       <SPLIT>D</SPLIT>
      </item>
      <item>
       <ID>S</ID>
       <KEY>S_VKORG</KEY>
       <ENTRY>.</ENTRY>
       <LENGTH>26</LENGTH>
       <SPLIT>D</SPLIT>
      </item>
      <item>
       <ID>S</ID>
       <KEY>S_VTWEG</KEY>
       <ENTRY>.</ENTRY>
       <LENGTH>28</LENGTH>
       <SPLIT>D</SPLIT>
      </item>
     </TEXTPOOL>
    </item>
    <item>
     <LANGUAGE>F</LANGUAGE>
     <TEXTPOOL>
      <item>
       <ID>I</ID>
       <KEY>001</KEY>
       <ENTRY>Organizational Data</ENTRY>
       <LENGTH>29</LENGTH>
      </item>
      <item>
       <ID>I</ID>
       <KEY>002</KEY>
       <ENTRY>Period for Analysis</ENTRY>
       <LENGTH>29</LENGTH>
      </item>
      <item>
       <ID>I</ID>
       <KEY>003</KEY>
       <ENTRY>Document Selection</ENTRY>
       <LENGTH>28</LENGTH>
      </item>
      <item>
       <ID>I</ID>
       <KEY>004</KEY>
       <ENTRY>Material Selection</ENTRY>
       <LENGTH>28</LENGTH>
      </item>
      <item>
       <ID>I</ID>
       <KEY>005</KEY>
       <ENTRY>Miscellaneous Selection</ENTRY>
       <LENGTH>46</LENGTH>
      </item>
      <item>
       <ID>I</ID>
       <KEY>006</KEY>
       <ENTRY>Output Properties</ENTRY>
       <LENGTH>27</LENGTH>
      </item>
      <item>
       <ID>R</ID>
       <ENTRY>Open Order</ENTRY>
       <LENGTH>70</LENGTH>
      </item>
      <item>
       <ID>S</ID>
       <KEY>P_EXDTE</KEY>
       <ENTRY>Currency Exchange Rate Date</ENTRY>
       <LENGTH>38</LENGTH>
      </item>
      <item>
       <ID>S</ID>
       <KEY>P_REJECT</KEY>
       <ENTRY>Include Rejected Lines</ENTRY>
       <LENGTH>38</LENGTH>
      </item>
      <item>
       <ID>S</ID>
       <KEY>S_BSTKD</KEY>
       <ENTRY>Customer PO Number</ENTRY>
       <LENGTH>38</LENGTH>
      </item>
      <item>
       <ID>S</ID>
       <KEY>S_BUKRS</KEY>
       <ENTRY>Company Code</ENTRY>
       <LENGTH>38</LENGTH>
      </item>
      <item>
       <ID>S</ID>
       <KEY>S_CRREL</KEY>
       <ENTRY>Credit Release Date</ENTRY>
       <LENGTH>38</LENGTH>
      </item>
      <item>
       <ID>S</ID>
       <KEY>S_EDATU</KEY>
       <ENTRY>Scheduled Delivery Date</ENTRY>
       <LENGTH>38</LENGTH>
      </item>
      <item>
       <ID>S</ID>
       <KEY>S_KUNNR</KEY>
       <ENTRY>Sold-To Customer</ENTRY>
       <LENGTH>38</LENGTH>
      </item>
      <item>
       <ID>S</ID>
       <KEY>S_VDATU</KEY>
       <ENTRY>Requested Delivery Date</ENTRY>
       <LENGTH>38</LENGTH>
      </item>
      <item>
       <ID>S</ID>
       <KEY>S_WERKS</KEY>
       <ENTRY>Delivering Plant</ENTRY>
       <LENGTH>38</LENGTH>
      </item>
      <item>
       <ID>S</ID>
       <KEY>P_VARI</KEY>
       <ENTRY>.</ENTRY>
       <LENGTH>14</LENGTH>
       <SPLIT>D</SPLIT>
      </item>
      <item>
       <ID>S</ID>
       <KEY>S_ABRVW</KEY>
       <ENTRY>.</ENTRY>
       <LENGTH>13</LENGTH>
       <SPLIT>D</SPLIT>
      </item>
      <item>
       <ID>S</ID>
       <KEY>S_AUART</KEY>
       <ENTRY>.</ENTRY>
       <LENGTH>27</LENGTH>
       <SPLIT>D</SPLIT>
      </item>
      <item>
       <ID>S</ID>
       <KEY>S_AUDAT</KEY>
       <ENTRY>.</ENTRY>
       <LENGTH>21</LENGTH>
       <SPLIT>D</SPLIT>
      </item>
      <item>
       <ID>S</ID>
       <KEY>S_ERNAM</KEY>
       <ENTRY>.</ENTRY>
       <LENGTH>18</LENGTH>
       <SPLIT>D</SPLIT>
      </item>
      <item>
       <ID>S</ID>
       <KEY>S_MATNR</KEY>
       <ENTRY>.</ENTRY>
       <LENGTH>16</LENGTH>
       <SPLIT>D</SPLIT>
      </item>
      <item>
       <ID>S</ID>
       <KEY>S_POSNR</KEY>
       <ENTRY>.</ENTRY>
       <LENGTH>27</LENGTH>
       <SPLIT>D</SPLIT>
      </item>
      <item>
       <ID>S</ID>
       <KEY>S_PRODH</KEY>
       <ENTRY>.</ENTRY>
       <LENGTH>25</LENGTH>
       <SPLIT>D</SPLIT>
      </item>
      <item>
       <ID>S</ID>
       <KEY>S_SPART</KEY>
       <ENTRY>.</ENTRY>
       <LENGTH>16</LENGTH>
       <SPLIT>D</SPLIT>
      </item>
      <item>
       <ID>S</ID>
       <KEY>S_VBELN</KEY>
       <ENTRY>.</ENTRY>
       <LENGTH>22</LENGTH>
       <SPLIT>D</SPLIT>
      </item>
      <item>
       <ID>S</ID>
       <KEY>S_VKBUR</KEY>
       <ENTRY>.</ENTRY>
       <LENGTH>20</LENGTH>
       <SPLIT>D</SPLIT>
      </item>
      <item>
       <ID>S</ID>
       <KEY>S_VKORG</KEY>
       <ENTRY>.</ENTRY>
       <LENGTH>26</LENGTH>
       <SPLIT>D</SPLIT>
      </item>
      <item>
       <ID>S</ID>
       <KEY>S_VTWEG</KEY>
       <ENTRY>.</ENTRY>
       <LENGTH>28</LENGTH>
       <SPLIT>D</SPLIT>
      </item>
     </TEXTPOOL>
    </item>
    <item>
     <LANGUAGE>I</LANGUAGE>
     <TEXTPOOL>
      <item>
       <ID>I</ID>
       <KEY>001</KEY>
       <ENTRY>Organizational Data</ENTRY>
       <LENGTH>29</LENGTH>
      </item>
      <item>
       <ID>I</ID>
       <KEY>002</KEY>
       <ENTRY>Period for Analysis</ENTRY>
       <LENGTH>29</LENGTH>
      </item>
      <item>
       <ID>I</ID>
       <KEY>003</KEY>
       <ENTRY>Document Selection</ENTRY>
       <LENGTH>28</LENGTH>
      </item>
      <item>
       <ID>I</ID>
       <KEY>004</KEY>
       <ENTRY>Material Selection</ENTRY>
       <LENGTH>28</LENGTH>
      </item>
      <item>
       <ID>I</ID>
       <KEY>005</KEY>
       <ENTRY>Miscellaneous Selection</ENTRY>
       <LENGTH>46</LENGTH>
      </item>
      <item>
       <ID>I</ID>
       <KEY>006</KEY>
       <ENTRY>Output Properties</ENTRY>
       <LENGTH>27</LENGTH>
      </item>
      <item>
       <ID>R</ID>
       <ENTRY>Open Order</ENTRY>
       <LENGTH>70</LENGTH>
      </item>
      <item>
       <ID>S</ID>
       <KEY>P_EXDTE</KEY>
       <ENTRY>Currency Exchange Rate Date</ENTRY>
       <LENGTH>38</LENGTH>
      </item>
      <item>
       <ID>S</ID>
       <KEY>P_REJECT</KEY>
       <ENTRY>Include Rejected Lines</ENTRY>
       <LENGTH>38</LENGTH>
      </item>
      <item>
       <ID>S</ID>
       <KEY>S_BSTKD</KEY>
       <ENTRY>Customer PO Number</ENTRY>
       <LENGTH>38</LENGTH>
      </item>
      <item>
       <ID>S</ID>
       <KEY>S_BUKRS</KEY>
       <ENTRY>Company Code</ENTRY>
       <LENGTH>38</LENGTH>
      </item>
      <item>
       <ID>S</ID>
       <KEY>S_CRREL</KEY>
       <ENTRY>Credit Release Date</ENTRY>
       <LENGTH>38</LENGTH>
      </item>
      <item>
       <ID>S</ID>
       <KEY>S_EDATU</KEY>
       <ENTRY>Scheduled Delivery Date</ENTRY>
       <LENGTH>38</LENGTH>
      </item>
      <item>
       <ID>S</ID>
       <KEY>S_KUNNR</KEY>
       <ENTRY>Sold-To Customer</ENTRY>
       <LENGTH>38</LENGTH>
      </item>
      <item>
       <ID>S</ID>
       <KEY>S_VDATU</KEY>
       <ENTRY>Requested Delivery Date</ENTRY>
       <LENGTH>38</LENGTH>
      </item>
      <item>
       <ID>S</ID>
       <KEY>S_WERKS</KEY>
       <ENTRY>Delivering Plant</ENTRY>
       <LENGTH>38</LENGTH>
      </item>
      <item>
       <ID>S</ID>
       <KEY>P_VARI</KEY>
       <ENTRY>.</ENTRY>
       <LENGTH>14</LENGTH>
       <SPLIT>D</SPLIT>
      </item>
      <item>
       <ID>S</ID>
       <KEY>S_ABRVW</KEY>
       <ENTRY>.</ENTRY>
       <LENGTH>13</LENGTH>
       <SPLIT>D</SPLIT>
      </item>
      <item>
       <ID>S</ID>
       <KEY>S_AUART</KEY>
       <ENTRY>.</ENTRY>
       <LENGTH>27</LENGTH>
       <SPLIT>D</SPLIT>
      </item>
      <item>
       <ID>S</ID>
       <KEY>S_AUDAT</KEY>
       <ENTRY>.</ENTRY>
       <LENGTH>21</LENGTH>
       <SPLIT>D</SPLIT>
      </item>
      <item>
       <ID>S</ID>
       <KEY>S_ERNAM</KEY>
       <ENTRY>.</ENTRY>
       <LENGTH>18</LENGTH>
       <SPLIT>D</SPLIT>
      </item>
      <item>
       <ID>S</ID>
       <KEY>S_MATNR</KEY>
       <ENTRY>.</ENTRY>
       <LENGTH>16</LENGTH>
       <SPLIT>D</SPLIT>
      </item>
      <item>
       <ID>S</ID>
       <KEY>S_POSNR</KEY>
       <ENTRY>.</ENTRY>
       <LENGTH>27</LENGTH>
       <SPLIT>D</SPLIT>
      </item>
      <item>
       <ID>S</ID>
       <KEY>S_PRODH</KEY>
       <ENTRY>.</ENTRY>
       <LENGTH>25</LENGTH>
       <SPLIT>D</SPLIT>
      </item>
      <item>
       <ID>S</ID>
       <KEY>S_SPART</KEY>
       <ENTRY>.</ENTRY>
       <LENGTH>16</LENGTH>
       <SPLIT>D</SPLIT>
      </item>
      <item>
       <ID>S</ID>
       <KEY>S_VBELN</KEY>
       <ENTRY>.</ENTRY>
       <LENGTH>22</LENGTH>
       <SPLIT>D</SPLIT>
      </item>
      <item>
       <ID>S</ID>
       <KEY>S_VKBUR</KEY>
       <ENTRY>.</ENTRY>
       <LENGTH>20</LENGTH>
       <SPLIT>D</SPLIT>
      </item>
      <item>
       <ID>S</ID>
       <KEY>S_VKORG</KEY>
       <ENTRY>.</ENTRY>
       <LENGTH>26</LENGTH>
       <SPLIT>D</SPLIT>
      </item>
      <item>
       <ID>S</ID>
       <KEY>S_VTWEG</KEY>
       <ENTRY>.</ENTRY>
       <LENGTH>28</LENGTH>
       <SPLIT>D</SPLIT>
      </item>
     </TEXTPOOL>
    </item>
    <item>
     <LANGUAGE>J</LANGUAGE>
     <TEXTPOOL>
      <item>
       <ID>I</ID>
       <KEY>001</KEY>
       <ENTRY>Organizational Data</ENTRY>
       <LENGTH>29</LENGTH>
      </item>
      <item>
       <ID>I</ID>
       <KEY>002</KEY>
       <ENTRY>Period for Analysis</ENTRY>
       <LENGTH>29</LENGTH>
      </item>
      <item>
       <ID>I</ID>
       <KEY>003</KEY>
       <ENTRY>Document Selection</ENTRY>
       <LENGTH>28</LENGTH>
      </item>
      <item>
       <ID>I</ID>
       <KEY>004</KEY>
       <ENTRY>Material Selection</ENTRY>
       <LENGTH>28</LENGTH>
      </item>
      <item>
       <ID>I</ID>
       <KEY>005</KEY>
       <ENTRY>Miscellaneous Selection</ENTRY>
       <LENGTH>46</LENGTH>
      </item>
      <item>
       <ID>I</ID>
       <KEY>006</KEY>
       <ENTRY>Output Properties</ENTRY>
       <LENGTH>27</LENGTH>
      </item>
      <item>
       <ID>R</ID>
       <ENTRY>Open Order</ENTRY>
       <LENGTH>70</LENGTH>
      </item>
      <item>
       <ID>S</ID>
       <KEY>P_EXDTE</KEY>
       <ENTRY>Currency Exchange Rate Date</ENTRY>
       <LENGTH>38</LENGTH>
      </item>
      <item>
       <ID>S</ID>
       <KEY>P_REJECT</KEY>
       <ENTRY>Include Rejected Lines</ENTRY>
       <LENGTH>38</LENGTH>
      </item>
      <item>
       <ID>S</ID>
       <KEY>S_BSTKD</KEY>
       <ENTRY>Customer PO Number</ENTRY>
       <LENGTH>38</LENGTH>
      </item>
      <item>
       <ID>S</ID>
       <KEY>S_BUKRS</KEY>
       <ENTRY>Company Code</ENTRY>
       <LENGTH>38</LENGTH>
      </item>
      <item>
       <ID>S</ID>
       <KEY>S_CRREL</KEY>
       <ENTRY>Credit Release Date</ENTRY>
       <LENGTH>38</LENGTH>
      </item>
      <item>
       <ID>S</ID>
       <KEY>S_EDATU</KEY>
       <ENTRY>Scheduled Delivery Date</ENTRY>
       <LENGTH>38</LENGTH>
      </item>
      <item>
       <ID>S</ID>
       <KEY>S_KUNNR</KEY>
       <ENTRY>Sold-To Customer</ENTRY>
       <LENGTH>38</LENGTH>
      </item>
      <item>
       <ID>S</ID>
       <KEY>S_VDATU</KEY>
       <ENTRY>Requested Delivery Date</ENTRY>
       <LENGTH>38</LENGTH>
      </item>
      <item>
       <ID>S</ID>
       <KEY>S_WERKS</KEY>
       <ENTRY>Delivering Plant</ENTRY>
       <LENGTH>38</LENGTH>
      </item>
      <item>
       <ID>S</ID>
       <KEY>P_VARI</KEY>
       <ENTRY>.</ENTRY>
       <LENGTH>14</LENGTH>
       <SPLIT>D</SPLIT>
      </item>
      <item>
       <ID>S</ID>
       <KEY>S_ABRVW</KEY>
       <ENTRY>.</ENTRY>
       <LENGTH>13</LENGTH>
       <SPLIT>D</SPLIT>
      </item>
      <item>
       <ID>S</ID>
       <KEY>S_AUART</KEY>
       <ENTRY>.</ENTRY>
       <LENGTH>27</LENGTH>
       <SPLIT>D</SPLIT>
      </item>
      <item>
       <ID>S</ID>
       <KEY>S_AUDAT</KEY>
       <ENTRY>.</ENTRY>
       <LENGTH>21</LENGTH>
       <SPLIT>D</SPLIT>
      </item>
      <item>
       <ID>S</ID>
       <KEY>S_ERNAM</KEY>
       <ENTRY>.</ENTRY>
       <LENGTH>18</LENGTH>
       <SPLIT>D</SPLIT>
      </item>
      <item>
       <ID>S</ID>
       <KEY>S_MATNR</KEY>
       <ENTRY>.</ENTRY>
       <LENGTH>16</LENGTH>
       <SPLIT>D</SPLIT>
      </item>
      <item>
       <ID>S</ID>
       <KEY>S_POSNR</KEY>
       <ENTRY>.</ENTRY>
       <LENGTH>27</LENGTH>
       <SPLIT>D</SPLIT>
      </item>
      <item>
       <ID>S</ID>
       <KEY>S_PRODH</KEY>
       <ENTRY>.</ENTRY>
       <LENGTH>25</LENGTH>
       <SPLIT>D</SPLIT>
      </item>
      <item>
       <ID>S</ID>
       <KEY>S_SPART</KEY>
       <ENTRY>.</ENTRY>
       <LENGTH>16</LENGTH>
       <SPLIT>D</SPLIT>
      </item>
      <item>
       <ID>S</ID>
       <KEY>S_VBELN</KEY>
       <ENTRY>.</ENTRY>
       <LENGTH>22</LENGTH>
       <SPLIT>D</SPLIT>
      </item>
      <item>
       <ID>S</ID>
       <KEY>S_VKBUR</KEY>
       <ENTRY>.</ENTRY>
       <LENGTH>20</LENGTH>
       <SPLIT>D</SPLIT>
      </item>
      <item>
       <ID>S</ID>
       <KEY>S_VKORG</KEY>
       <ENTRY>.</ENTRY>
       <LENGTH>26</LENGTH>
       <SPLIT>D</SPLIT>
      </item>
      <item>
       <ID>S</ID>
       <KEY>S_VTWEG</KEY>
       <ENTRY>.</ENTRY>
       <LENGTH>28</LENGTH>
       <SPLIT>D</SPLIT>
      </item>
     </TEXTPOOL>
    </item>
    <item>
     <LANGUAGE>L</LANGUAGE>
     <TEXTPOOL>
      <item>
       <ID>I</ID>
       <KEY>001</KEY>
       <ENTRY>Organizational Data</ENTRY>
       <LENGTH>29</LENGTH>
      </item>
      <item>
       <ID>I</ID>
       <KEY>002</KEY>
       <ENTRY>Period for Analysis</ENTRY>
       <LENGTH>29</LENGTH>
      </item>
      <item>
       <ID>I</ID>
       <KEY>003</KEY>
       <ENTRY>Document Selection</ENTRY>
       <LENGTH>28</LENGTH>
      </item>
      <item>
       <ID>I</ID>
       <KEY>004</KEY>
       <ENTRY>Material Selection</ENTRY>
       <LENGTH>28</LENGTH>
      </item>
      <item>
       <ID>I</ID>
       <KEY>005</KEY>
       <ENTRY>Miscellaneous Selection</ENTRY>
       <LENGTH>46</LENGTH>
      </item>
      <item>
       <ID>I</ID>
       <KEY>006</KEY>
       <ENTRY>Output Properties</ENTRY>
       <LENGTH>27</LENGTH>
      </item>
      <item>
       <ID>R</ID>
       <ENTRY>Open Order</ENTRY>
       <LENGTH>70</LENGTH>
      </item>
      <item>
       <ID>S</ID>
       <KEY>P_EXDTE</KEY>
       <ENTRY>Currency Exchange Rate Date</ENTRY>
       <LENGTH>38</LENGTH>
      </item>
      <item>
       <ID>S</ID>
       <KEY>P_REJECT</KEY>
       <ENTRY>Include Rejected Lines</ENTRY>
       <LENGTH>38</LENGTH>
      </item>
      <item>
       <ID>S</ID>
       <KEY>S_BSTKD</KEY>
       <ENTRY>Customer PO Number</ENTRY>
       <LENGTH>38</LENGTH>
      </item>
      <item>
       <ID>S</ID>
       <KEY>S_BUKRS</KEY>
       <ENTRY>Company Code</ENTRY>
       <LENGTH>38</LENGTH>
      </item>
      <item>
       <ID>S</ID>
       <KEY>S_CRREL</KEY>
       <ENTRY>Credit Release Date</ENTRY>
       <LENGTH>38</LENGTH>
      </item>
      <item>
       <ID>S</ID>
       <KEY>S_EDATU</KEY>
       <ENTRY>Scheduled Delivery Date</ENTRY>
       <LENGTH>38</LENGTH>
      </item>
      <item>
       <ID>S</ID>
       <KEY>S_KUNNR</KEY>
       <ENTRY>Sold-To Customer</ENTRY>
       <LENGTH>38</LENGTH>
      </item>
      <item>
       <ID>S</ID>
       <KEY>S_VDATU</KEY>
       <ENTRY>Requested Delivery Date</ENTRY>
       <LENGTH>38</LENGTH>
      </item>
      <item>
       <ID>S</ID>
       <KEY>S_WERKS</KEY>
       <ENTRY>Delivering Plant</ENTRY>
       <LENGTH>38</LENGTH>
      </item>
      <item>
       <ID>S</ID>
       <KEY>P_VARI</KEY>
       <ENTRY>.</ENTRY>
       <LENGTH>14</LENGTH>
       <SPLIT>D</SPLIT>
      </item>
      <item>
       <ID>S</ID>
       <KEY>S_ABRVW</KEY>
       <ENTRY>.</ENTRY>
       <LENGTH>13</LENGTH>
       <SPLIT>D</SPLIT>
      </item>
      <item>
       <ID>S</ID>
       <KEY>S_AUART</KEY>
       <ENTRY>.</ENTRY>
       <LENGTH>27</LENGTH>
       <SPLIT>D</SPLIT>
      </item>
      <item>
       <ID>S</ID>
       <KEY>S_AUDAT</KEY>
       <ENTRY>.</ENTRY>
       <LENGTH>21</LENGTH>
       <SPLIT>D</SPLIT>
      </item>
      <item>
       <ID>S</ID>
       <KEY>S_ERNAM</KEY>
       <ENTRY>.</ENTRY>
       <LENGTH>18</LENGTH>
       <SPLIT>D</SPLIT>
      </item>
      <item>
       <ID>S</ID>
       <KEY>S_MATNR</KEY>
       <ENTRY>.</ENTRY>
       <LENGTH>16</LENGTH>
       <SPLIT>D</SPLIT>
      </item>
      <item>
       <ID>S</ID>
       <KEY>S_POSNR</KEY>
       <ENTRY>.</ENTRY>
       <LENGTH>27</LENGTH>
       <SPLIT>D</SPLIT>
      </item>
      <item>
       <ID>S</ID>
       <KEY>S_PRODH</KEY>
       <ENTRY>.</ENTRY>
       <LENGTH>25</LENGTH>
       <SPLIT>D</SPLIT>
      </item>
      <item>
       <ID>S</ID>
       <KEY>S_SPART</KEY>
       <ENTRY>.</ENTRY>
       <LENGTH>16</LENGTH>
       <SPLIT>D</SPLIT>
      </item>
      <item>
       <ID>S</ID>
       <KEY>S_VBELN</KEY>
       <ENTRY>.</ENTRY>
       <LENGTH>22</LENGTH>
       <SPLIT>D</SPLIT>
      </item>
      <item>
       <ID>S</ID>
       <KEY>S_VKBUR</KEY>
       <ENTRY>.</ENTRY>
       <LENGTH>20</LENGTH>
       <SPLIT>D</SPLIT>
      </item>
      <item>
       <ID>S</ID>
       <KEY>S_VKORG</KEY>
       <ENTRY>.</ENTRY>
       <LENGTH>26</LENGTH>
       <SPLIT>D</SPLIT>
      </item>
      <item>
       <ID>S</ID>
       <KEY>S_VTWEG</KEY>
       <ENTRY>.</ENTRY>
       <LENGTH>28</LENGTH>
       <SPLIT>D</SPLIT>
      </item>
     </TEXTPOOL>
    </item>
    <item>
     <LANGUAGE>N</LANGUAGE>
     <TEXTPOOL>
      <item>
       <ID>I</ID>
       <KEY>001</KEY>
       <ENTRY>Organizational Data</ENTRY>
       <LENGTH>29</LENGTH>
      </item>
      <item>
       <ID>I</ID>
       <KEY>002</KEY>
       <ENTRY>Period for Analysis</ENTRY>
       <LENGTH>29</LENGTH>
      </item>
      <item>
       <ID>I</ID>
       <KEY>003</KEY>
       <ENTRY>Document Selection</ENTRY>
       <LENGTH>28</LENGTH>
      </item>
      <item>
       <ID>I</ID>
       <KEY>004</KEY>
       <ENTRY>Material Selection</ENTRY>
       <LENGTH>28</LENGTH>
      </item>
      <item>
       <ID>I</ID>
       <KEY>005</KEY>
       <ENTRY>Miscellaneous Selection</ENTRY>
       <LENGTH>46</LENGTH>
      </item>
      <item>
       <ID>I</ID>
       <KEY>006</KEY>
       <ENTRY>Output Properties</ENTRY>
       <LENGTH>27</LENGTH>
      </item>
      <item>
       <ID>R</ID>
       <ENTRY>Open Order</ENTRY>
       <LENGTH>70</LENGTH>
      </item>
      <item>
       <ID>S</ID>
       <KEY>P_EXDTE</KEY>
       <ENTRY>Currency Exchange Rate Date</ENTRY>
       <LENGTH>38</LENGTH>
      </item>
      <item>
       <ID>S</ID>
       <KEY>P_REJECT</KEY>
       <ENTRY>Include Rejected Lines</ENTRY>
       <LENGTH>38</LENGTH>
      </item>
      <item>
       <ID>S</ID>
       <KEY>S_BSTKD</KEY>
       <ENTRY>Customer PO Number</ENTRY>
       <LENGTH>38</LENGTH>
      </item>
      <item>
       <ID>S</ID>
       <KEY>S_BUKRS</KEY>
       <ENTRY>Company Code</ENTRY>
       <LENGTH>38</LENGTH>
      </item>
      <item>
       <ID>S</ID>
       <KEY>S_CRREL</KEY>
       <ENTRY>Credit Release Date</ENTRY>
       <LENGTH>38</LENGTH>
      </item>
      <item>
       <ID>S</ID>
       <KEY>S_EDATU</KEY>
       <ENTRY>Scheduled Delivery Date</ENTRY>
       <LENGTH>38</LENGTH>
      </item>
      <item>
       <ID>S</ID>
       <KEY>S_KUNNR</KEY>
       <ENTRY>Sold-To Customer</ENTRY>
       <LENGTH>38</LENGTH>
      </item>
      <item>
       <ID>S</ID>
       <KEY>S_VDATU</KEY>
       <ENTRY>Requested Delivery Date</ENTRY>
       <LENGTH>38</LENGTH>
      </item>
      <item>
       <ID>S</ID>
       <KEY>S_WERKS</KEY>
       <ENTRY>Delivering Plant</ENTRY>
       <LENGTH>38</LENGTH>
      </item>
      <item>
       <ID>S</ID>
       <KEY>P_VARI</KEY>
       <ENTRY>.</ENTRY>
       <LENGTH>14</LENGTH>
       <SPLIT>D</SPLIT>
      </item>
      <item>
       <ID>S</ID>
       <KEY>S_ABRVW</KEY>
       <ENTRY>.</ENTRY>
       <LENGTH>13</LENGTH>
       <SPLIT>D</SPLIT>
      </item>
      <item>
       <ID>S</ID>
       <KEY>S_AUART</KEY>
       <ENTRY>.</ENTRY>
       <LENGTH>27</LENGTH>
       <SPLIT>D</SPLIT>
      </item>
      <item>
       <ID>S</ID>
       <KEY>S_AUDAT</KEY>
       <ENTRY>.</ENTRY>
       <LENGTH>21</LENGTH>
       <SPLIT>D</SPLIT>
      </item>
      <item>
       <ID>S</ID>
       <KEY>S_ERNAM</KEY>
       <ENTRY>.</ENTRY>
       <LENGTH>18</LENGTH>
       <SPLIT>D</SPLIT>
      </item>
      <item>
       <ID>S</ID>
       <KEY>S_MATNR</KEY>
       <ENTRY>.</ENTRY>
       <LENGTH>16</LENGTH>
       <SPLIT>D</SPLIT>
      </item>
      <item>
       <ID>S</ID>
       <KEY>S_POSNR</KEY>
       <ENTRY>.</ENTRY>
       <LENGTH>27</LENGTH>
       <SPLIT>D</SPLIT>
      </item>
      <item>
       <ID>S</ID>
       <KEY>S_PRODH</KEY>
       <ENTRY>.</ENTRY>
       <LENGTH>25</LENGTH>
       <SPLIT>D</SPLIT>
      </item>
      <item>
       <ID>S</ID>
       <KEY>S_SPART</KEY>
       <ENTRY>.</ENTRY>
       <LENGTH>16</LENGTH>
       <SPLIT>D</SPLIT>
      </item>
      <item>
       <ID>S</ID>
       <KEY>S_VBELN</KEY>
       <ENTRY>.</ENTRY>
       <LENGTH>22</LENGTH>
       <SPLIT>D</SPLIT>
      </item>
      <item>
       <ID>S</ID>
       <KEY>S_VKBUR</KEY>
       <ENTRY>.</ENTRY>
       <LENGTH>20</LENGTH>
       <SPLIT>D</SPLIT>
      </item>
      <item>
       <ID>S</ID>
       <KEY>S_VKORG</KEY>
       <ENTRY>.</ENTRY>
       <LENGTH>26</LENGTH>
       <SPLIT>D</SPLIT>
      </item>
      <item>
       <ID>S</ID>
       <KEY>S_VTWEG</KEY>
       <ENTRY>.</ENTRY>
       <LENGTH>28</LENGTH>
       <SPLIT>D</SPLIT>
      </item>
     </TEXTPOOL>
    </item>
    <item>
     <LANGUAGE>P</LANGUAGE>
     <TEXTPOOL>
      <item>
       <ID>I</ID>
       <KEY>001</KEY>
       <ENTRY>Organizational Data</ENTRY>
       <LENGTH>29</LENGTH>
      </item>
      <item>
       <ID>I</ID>
       <KEY>002</KEY>
       <ENTRY>Period for Analysis</ENTRY>
       <LENGTH>29</LENGTH>
      </item>
      <item>
       <ID>I</ID>
       <KEY>003</KEY>
       <ENTRY>Document Selection</ENTRY>
       <LENGTH>28</LENGTH>
      </item>
      <item>
       <ID>I</ID>
       <KEY>004</KEY>
       <ENTRY>Material Selection</ENTRY>
       <LENGTH>28</LENGTH>
      </item>
      <item>
       <ID>I</ID>
       <KEY>005</KEY>
       <ENTRY>Miscellaneous Selection</ENTRY>
       <LENGTH>46</LENGTH>
      </item>
      <item>
       <ID>I</ID>
       <KEY>006</KEY>
       <ENTRY>Output Properties</ENTRY>
       <LENGTH>27</LENGTH>
      </item>
      <item>
       <ID>R</ID>
       <ENTRY>Open Order</ENTRY>
       <LENGTH>70</LENGTH>
      </item>
      <item>
       <ID>S</ID>
       <KEY>P_EXDTE</KEY>
       <ENTRY>Currency Exchange Rate Date</ENTRY>
       <LENGTH>38</LENGTH>
      </item>
      <item>
       <ID>S</ID>
       <KEY>P_REJECT</KEY>
       <ENTRY>Include Rejected Lines</ENTRY>
       <LENGTH>38</LENGTH>
      </item>
      <item>
       <ID>S</ID>
       <KEY>S_BSTKD</KEY>
       <ENTRY>Customer PO Number</ENTRY>
       <LENGTH>38</LENGTH>
      </item>
      <item>
       <ID>S</ID>
       <KEY>S_BUKRS</KEY>
       <ENTRY>Company Code</ENTRY>
       <LENGTH>38</LENGTH>
      </item>
      <item>
       <ID>S</ID>
       <KEY>S_CRREL</KEY>
       <ENTRY>Credit Release Date</ENTRY>
       <LENGTH>38</LENGTH>
      </item>
      <item>
       <ID>S</ID>
       <KEY>S_EDATU</KEY>
       <ENTRY>Scheduled Delivery Date</ENTRY>
       <LENGTH>38</LENGTH>
      </item>
      <item>
       <ID>S</ID>
       <KEY>S_KUNNR</KEY>
       <ENTRY>Sold-To Customer</ENTRY>
       <LENGTH>38</LENGTH>
      </item>
      <item>
       <ID>S</ID>
       <KEY>S_VDATU</KEY>
       <ENTRY>Requested Delivery Date</ENTRY>
       <LENGTH>38</LENGTH>
      </item>
      <item>
       <ID>S</ID>
       <KEY>S_WERKS</KEY>
       <ENTRY>Delivering Plant</ENTRY>
       <LENGTH>38</LENGTH>
      </item>
      <item>
       <ID>S</ID>
       <KEY>P_VARI</KEY>
       <ENTRY>.</ENTRY>
       <LENGTH>14</LENGTH>
       <SPLIT>D</SPLIT>
      </item>
      <item>
       <ID>S</ID>
       <KEY>S_ABRVW</KEY>
       <ENTRY>.</ENTRY>
       <LENGTH>13</LENGTH>
       <SPLIT>D</SPLIT>
      </item>
      <item>
       <ID>S</ID>
       <KEY>S_AUART</KEY>
       <ENTRY>.</ENTRY>
       <LENGTH>27</LENGTH>
       <SPLIT>D</SPLIT>
      </item>
      <item>
       <ID>S</ID>
       <KEY>S_AUDAT</KEY>
       <ENTRY>.</ENTRY>
       <LENGTH>21</LENGTH>
       <SPLIT>D</SPLIT>
      </item>
      <item>
       <ID>S</ID>
       <KEY>S_ERNAM</KEY>
       <ENTRY>.</ENTRY>
       <LENGTH>18</LENGTH>
       <SPLIT>D</SPLIT>
      </item>
      <item>
       <ID>S</ID>
       <KEY>S_MATNR</KEY>
       <ENTRY>.</ENTRY>
       <LENGTH>16</LENGTH>
       <SPLIT>D</SPLIT>
      </item>
      <item>
       <ID>S</ID>
       <KEY>S_POSNR</KEY>
       <ENTRY>.</ENTRY>
       <LENGTH>27</LENGTH>
       <SPLIT>D</SPLIT>
      </item>
      <item>
       <ID>S</ID>
       <KEY>S_PRODH</KEY>
       <ENTRY>.</ENTRY>
       <LENGTH>25</LENGTH>
       <SPLIT>D</SPLIT>
      </item>
      <item>
       <ID>S</ID>
       <KEY>S_SPART</KEY>
       <ENTRY>.</ENTRY>
       <LENGTH>16</LENGTH>
       <SPLIT>D</SPLIT>
      </item>
      <item>
       <ID>S</ID>
       <KEY>S_VBELN</KEY>
       <ENTRY>.</ENTRY>
       <LENGTH>22</LENGTH>
       <SPLIT>D</SPLIT>
      </item>
      <item>
       <ID>S</ID>
       <KEY>S_VKBUR</KEY>
       <ENTRY>.</ENTRY>
       <LENGTH>20</LENGTH>
       <SPLIT>D</SPLIT>
      </item>
      <item>
       <ID>S</ID>
       <KEY>S_VKORG</KEY>
       <ENTRY>.</ENTRY>
       <LENGTH>26</LENGTH>
       <SPLIT>D</SPLIT>
      </item>
      <item>
       <ID>S</ID>
       <KEY>S_VTWEG</KEY>
       <ENTRY>.</ENTRY>
       <LENGTH>28</LENGTH>
       <SPLIT>D</SPLIT>
      </item>
     </TEXTPOOL>
    </item>
    <item>
     <LANGUAGE>R</LANGUAGE>
     <TEXTPOOL>
      <item>
       <ID>I</ID>
       <KEY>001</KEY>
       <ENTRY>Organizational Data</ENTRY>
       <LENGTH>29</LENGTH>
      </item>
      <item>
       <ID>I</ID>
       <KEY>002</KEY>
       <ENTRY>Period for Analysis</ENTRY>
       <LENGTH>29</LENGTH>
      </item>
      <item>
       <ID>I</ID>
       <KEY>003</KEY>
       <ENTRY>Document Selection</ENTRY>
       <LENGTH>28</LENGTH>
      </item>
      <item>
       <ID>I</ID>
       <KEY>004</KEY>
       <ENTRY>Material Selection</ENTRY>
       <LENGTH>28</LENGTH>
      </item>
      <item>
       <ID>I</ID>
       <KEY>005</KEY>
       <ENTRY>Miscellaneous Selection</ENTRY>
       <LENGTH>46</LENGTH>
      </item>
      <item>
       <ID>I</ID>
       <KEY>006</KEY>
       <ENTRY>Output Properties</ENTRY>
       <LENGTH>27</LENGTH>
      </item>
      <item>
       <ID>R</ID>
       <ENTRY>Open Order</ENTRY>
       <LENGTH>70</LENGTH>
      </item>
      <item>
       <ID>S</ID>
       <KEY>P_EXDTE</KEY>
       <ENTRY>Currency Exchange Rate Date</ENTRY>
       <LENGTH>38</LENGTH>
      </item>
      <item>
       <ID>S</ID>
       <KEY>P_REJECT</KEY>
       <ENTRY>Include Rejected Lines</ENTRY>
       <LENGTH>38</LENGTH>
      </item>
      <item>
       <ID>S</ID>
       <KEY>S_BSTKD</KEY>
       <ENTRY>Customer PO Number</ENTRY>
       <LENGTH>38</LENGTH>
      </item>
      <item>
       <ID>S</ID>
       <KEY>S_BUKRS</KEY>
       <ENTRY>Company Code</ENTRY>
       <LENGTH>38</LENGTH>
      </item>
      <item>
       <ID>S</ID>
       <KEY>S_CRREL</KEY>
       <ENTRY>Credit Release Date</ENTRY>
       <LENGTH>38</LENGTH>
      </item>
      <item>
       <ID>S</ID>
       <KEY>S_EDATU</KEY>
       <ENTRY>Scheduled Delivery Date</ENTRY>
       <LENGTH>38</LENGTH>
      </item>
      <item>
       <ID>S</ID>
       <KEY>S_KUNNR</KEY>
       <ENTRY>Sold-To Customer</ENTRY>
       <LENGTH>38</LENGTH>
      </item>
      <item>
       <ID>S</ID>
       <KEY>S_VDATU</KEY>
       <ENTRY>Requested Delivery Date</ENTRY>
       <LENGTH>38</LENGTH>
      </item>
      <item>
       <ID>S</ID>
       <KEY>S_WERKS</KEY>
       <ENTRY>Delivering Plant</ENTRY>
       <LENGTH>38</LENGTH>
      </item>
      <item>
       <ID>S</ID>
       <KEY>P_VARI</KEY>
       <ENTRY>.</ENTRY>
       <LENGTH>14</LENGTH>
       <SPLIT>D</SPLIT>
      </item>
      <item>
       <ID>S</ID>
       <KEY>S_ABRVW</KEY>
       <ENTRY>.</ENTRY>
       <LENGTH>13</LENGTH>
       <SPLIT>D</SPLIT>
      </item>
      <item>
       <ID>S</ID>
       <KEY>S_AUART</KEY>
       <ENTRY>.</ENTRY>
       <LENGTH>27</LENGTH>
       <SPLIT>D</SPLIT>
      </item>
      <item>
       <ID>S</ID>
       <KEY>S_AUDAT</KEY>
       <ENTRY>.</ENTRY>
       <LENGTH>21</LENGTH>
       <SPLIT>D</SPLIT>
      </item>
      <item>
       <ID>S</ID>
       <KEY>S_ERNAM</KEY>
       <ENTRY>.</ENTRY>
       <LENGTH>18</LENGTH>
       <SPLIT>D</SPLIT>
      </item>
      <item>
       <ID>S</ID>
       <KEY>S_MATNR</KEY>
       <ENTRY>.</ENTRY>
       <LENGTH>16</LENGTH>
       <SPLIT>D</SPLIT>
      </item>
      <item>
       <ID>S</ID>
       <KEY>S_POSNR</KEY>
       <ENTRY>.</ENTRY>
       <LENGTH>27</LENGTH>
       <SPLIT>D</SPLIT>
      </item>
      <item>
       <ID>S</ID>
       <KEY>S_PRODH</KEY>
       <ENTRY>.</ENTRY>
       <LENGTH>25</LENGTH>
       <SPLIT>D</SPLIT>
      </item>
      <item>
       <ID>S</ID>
       <KEY>S_SPART</KEY>
       <ENTRY>.</ENTRY>
       <LENGTH>16</LENGTH>
       <SPLIT>D</SPLIT>
      </item>
      <item>
       <ID>S</ID>
       <KEY>S_VBELN</KEY>
       <ENTRY>.</ENTRY>
       <LENGTH>22</LENGTH>
       <SPLIT>D</SPLIT>
      </item>
      <item>
       <ID>S</ID>
       <KEY>S_VKBUR</KEY>
       <ENTRY>.</ENTRY>
       <LENGTH>20</LENGTH>
       <SPLIT>D</SPLIT>
      </item>
      <item>
       <ID>S</ID>
       <KEY>S_VKORG</KEY>
       <ENTRY>.</ENTRY>
       <LENGTH>26</LENGTH>
       <SPLIT>D</SPLIT>
      </item>
      <item>
       <ID>S</ID>
       <KEY>S_VTWEG</KEY>
       <ENTRY>.</ENTRY>
       <LENGTH>28</LENGTH>
       <SPLIT>D</SPLIT>
      </item>
     </TEXTPOOL>
    </item>
    <item>
     <LANGUAGE>S</LANGUAGE>
     <TEXTPOOL>
      <item>
       <ID>I</ID>
       <KEY>001</KEY>
       <ENTRY>Organizational Data</ENTRY>
       <LENGTH>29</LENGTH>
      </item>
      <item>
       <ID>I</ID>
       <KEY>002</KEY>
       <ENTRY>Period for Analysis</ENTRY>
       <LENGTH>29</LENGTH>
      </item>
      <item>
       <ID>I</ID>
       <KEY>003</KEY>
       <ENTRY>Document Selection</ENTRY>
       <LENGTH>28</LENGTH>
      </item>
      <item>
       <ID>I</ID>
       <KEY>004</KEY>
       <ENTRY>Material Selection</ENTRY>
       <LENGTH>28</LENGTH>
      </item>
      <item>
       <ID>I</ID>
       <KEY>005</KEY>
       <ENTRY>Miscellaneous Selection</ENTRY>
       <LENGTH>46</LENGTH>
      </item>
      <item>
       <ID>I</ID>
       <KEY>006</KEY>
       <ENTRY>Output Properties</ENTRY>
       <LENGTH>27</LENGTH>
      </item>
      <item>
       <ID>R</ID>
       <ENTRY>Open Order</ENTRY>
       <LENGTH>70</LENGTH>
      </item>
      <item>
       <ID>S</ID>
       <KEY>P_EXDTE</KEY>
       <ENTRY>Currency Exchange Rate Date</ENTRY>
       <LENGTH>38</LENGTH>
      </item>
      <item>
       <ID>S</ID>
       <KEY>P_REJECT</KEY>
       <ENTRY>Include Rejected Lines</ENTRY>
       <LENGTH>38</LENGTH>
      </item>
      <item>
       <ID>S</ID>
       <KEY>S_BSTKD</KEY>
       <ENTRY>Customer PO Number</ENTRY>
       <LENGTH>38</LENGTH>
      </item>
      <item>
       <ID>S</ID>
       <KEY>S_BUKRS</KEY>
       <ENTRY>Company Code</ENTRY>
       <LENGTH>38</LENGTH>
      </item>
      <item>
       <ID>S</ID>
       <KEY>S_CRREL</KEY>
       <ENTRY>Credit Release Date</ENTRY>
       <LENGTH>38</LENGTH>
      </item>
      <item>
       <ID>S</ID>
       <KEY>S_EDATU</KEY>
       <ENTRY>Scheduled Delivery Date</ENTRY>
       <LENGTH>38</LENGTH>
      </item>
      <item>
       <ID>S</ID>
       <KEY>S_KUNNR</KEY>
       <ENTRY>Sold-To Customer</ENTRY>
       <LENGTH>38</LENGTH>
      </item>
      <item>
       <ID>S</ID>
       <KEY>S_VDATU</KEY>
       <ENTRY>Requested Delivery Date</ENTRY>
       <LENGTH>38</LENGTH>
      </item>
      <item>
       <ID>S</ID>
       <KEY>S_WERKS</KEY>
       <ENTRY>Delivering Plant</ENTRY>
       <LENGTH>38</LENGTH>
      </item>
      <item>
       <ID>S</ID>
       <KEY>P_VARI</KEY>
       <ENTRY>.</ENTRY>
       <LENGTH>14</LENGTH>
       <SPLIT>D</SPLIT>
      </item>
      <item>
       <ID>S</ID>
       <KEY>S_ABRVW</KEY>
       <ENTRY>.</ENTRY>
       <LENGTH>13</LENGTH>
       <SPLIT>D</SPLIT>
      </item>
      <item>
       <ID>S</ID>
       <KEY>S_AUART</KEY>
       <ENTRY>.</ENTRY>
       <LENGTH>27</LENGTH>
       <SPLIT>D</SPLIT>
      </item>
      <item>
       <ID>S</ID>
       <KEY>S_AUDAT</KEY>
       <ENTRY>.</ENTRY>
       <LENGTH>21</LENGTH>
       <SPLIT>D</SPLIT>
      </item>
      <item>
       <ID>S</ID>
       <KEY>S_ERNAM</KEY>
       <ENTRY>.</ENTRY>
       <LENGTH>18</LENGTH>
       <SPLIT>D</SPLIT>
      </item>
      <item>
       <ID>S</ID>
       <KEY>S_MATNR</KEY>
       <ENTRY>.</ENTRY>
       <LENGTH>16</LENGTH>
       <SPLIT>D</SPLIT>
      </item>
      <item>
       <ID>S</ID>
       <KEY>S_POSNR</KEY>
       <ENTRY>.</ENTRY>
       <LENGTH>27</LENGTH>
       <SPLIT>D</SPLIT>
      </item>
      <item>
       <ID>S</ID>
       <KEY>S_PRODH</KEY>
       <ENTRY>.</ENTRY>
       <LENGTH>25</LENGTH>
       <SPLIT>D</SPLIT>
      </item>
      <item>
       <ID>S</ID>
       <KEY>S_SPART</KEY>
       <ENTRY>.</ENTRY>
       <LENGTH>16</LENGTH>
       <SPLIT>D</SPLIT>
      </item>
      <item>
       <ID>S</ID>
       <KEY>S_VBELN</KEY>
       <ENTRY>.</ENTRY>
       <LENGTH>22</LENGTH>
       <SPLIT>D</SPLIT>
      </item>
      <item>
       <ID>S</ID>
       <KEY>S_VKBUR</KEY>
       <ENTRY>.</ENTRY>
       <LENGTH>20</LENGTH>
       <SPLIT>D</SPLIT>
      </item>
      <item>
       <ID>S</ID>
       <KEY>S_VKORG</KEY>
       <ENTRY>.</ENTRY>
       <LENGTH>26</LENGTH>
       <SPLIT>D</SPLIT>
      </item>
      <item>
       <ID>S</ID>
       <KEY>S_VTWEG</KEY>
       <ENTRY>.</ENTRY>
       <LENGTH>28</LENGTH>
       <SPLIT>D</SPLIT>
      </item>
     </TEXTPOOL>
    </item>
    <item>
     <LANGUAGE>V</LANGUAGE>
     <TEXTPOOL>
      <item>
       <ID>I</ID>
       <KEY>001</KEY>
       <ENTRY>Organizational Data</ENTRY>
       <LENGTH>29</LENGTH>
      </item>
      <item>
       <ID>I</ID>
       <KEY>002</KEY>
       <ENTRY>Period for Analysis</ENTRY>
       <LENGTH>29</LENGTH>
      </item>
      <item>
       <ID>I</ID>
       <KEY>003</KEY>
       <ENTRY>Document Selection</ENTRY>
       <LENGTH>28</LENGTH>
      </item>
      <item>
       <ID>I</ID>
       <KEY>004</KEY>
       <ENTRY>Material Selection</ENTRY>
       <LENGTH>28</LENGTH>
      </item>
      <item>
       <ID>I</ID>
       <KEY>005</KEY>
       <ENTRY>Miscellaneous Selection</ENTRY>
       <LENGTH>46</LENGTH>
      </item>
      <item>
       <ID>I</ID>
       <KEY>006</KEY>
       <ENTRY>Output Properties</ENTRY>
       <LENGTH>27</LENGTH>
      </item>
      <item>
       <ID>R</ID>
       <ENTRY>Open Order</ENTRY>
       <LENGTH>70</LENGTH>
      </item>
      <item>
       <ID>S</ID>
       <KEY>P_EXDTE</KEY>
       <ENTRY>Currency Exchange Rate Date</ENTRY>
       <LENGTH>38</LENGTH>
      </item>
      <item>
       <ID>S</ID>
       <KEY>P_REJECT</KEY>
       <ENTRY>Include Rejected Lines</ENTRY>
       <LENGTH>38</LENGTH>
      </item>
      <item>
       <ID>S</ID>
       <KEY>S_BSTKD</KEY>
       <ENTRY>Customer PO Number</ENTRY>
       <LENGTH>38</LENGTH>
      </item>
      <item>
       <ID>S</ID>
       <KEY>S_BUKRS</KEY>
       <ENTRY>Company Code</ENTRY>
       <LENGTH>38</LENGTH>
      </item>
      <item>
       <ID>S</ID>
       <KEY>S_CRREL</KEY>
       <ENTRY>Credit Release Date</ENTRY>
       <LENGTH>38</LENGTH>
      </item>
      <item>
       <ID>S</ID>
       <KEY>S_EDATU</KEY>
       <ENTRY>Scheduled Delivery Date</ENTRY>
       <LENGTH>38</LENGTH>
      </item>
      <item>
       <ID>S</ID>
       <KEY>S_KUNNR</KEY>
       <ENTRY>Sold-To Customer</ENTRY>
       <LENGTH>38</LENGTH>
      </item>
      <item>
       <ID>S</ID>
       <KEY>S_VDATU</KEY>
       <ENTRY>Requested Delivery Date</ENTRY>
       <LENGTH>38</LENGTH>
      </item>
      <item>
       <ID>S</ID>
       <KEY>S_WERKS</KEY>
       <ENTRY>Delivering Plant</ENTRY>
       <LENGTH>38</LENGTH>
      </item>
      <item>
       <ID>S</ID>
       <KEY>P_VARI</KEY>
       <ENTRY>.</ENTRY>
       <LENGTH>14</LENGTH>
       <SPLIT>D</SPLIT>
      </item>
      <item>
       <ID>S</ID>
       <KEY>S_ABRVW</KEY>
       <ENTRY>.</ENTRY>
       <LENGTH>13</LENGTH>
       <SPLIT>D</SPLIT>
      </item>
      <item>
       <ID>S</ID>
       <KEY>S_AUART</KEY>
       <ENTRY>.</ENTRY>
       <LENGTH>27</LENGTH>
       <SPLIT>D</SPLIT>
      </item>
      <item>
       <ID>S</ID>
       <KEY>S_AUDAT</KEY>
       <ENTRY>.</ENTRY>
       <LENGTH>21</LENGTH>
       <SPLIT>D</SPLIT>
      </item>
      <item>
       <ID>S</ID>
       <KEY>S_ERNAM</KEY>
       <ENTRY>.</ENTRY>
       <LENGTH>18</LENGTH>
       <SPLIT>D</SPLIT>
      </item>
      <item>
       <ID>S</ID>
       <KEY>S_MATNR</KEY>
       <ENTRY>.</ENTRY>
       <LENGTH>16</LENGTH>
       <SPLIT>D</SPLIT>
      </item>
      <item>
       <ID>S</ID>
       <KEY>S_POSNR</KEY>
       <ENTRY>.</ENTRY>
       <LENGTH>27</LENGTH>
       <SPLIT>D</SPLIT>
      </item>
      <item>
       <ID>S</ID>
       <KEY>S_PRODH</KEY>
       <ENTRY>.</ENTRY>
       <LENGTH>25</LENGTH>
       <SPLIT>D</SPLIT>
      </item>
      <item>
       <ID>S</ID>
       <KEY>S_SPART</KEY>
       <ENTRY>.</ENTRY>
       <LENGTH>16</LENGTH>
       <SPLIT>D</SPLIT>
      </item>
      <item>
       <ID>S</ID>
       <KEY>S_VBELN</KEY>
       <ENTRY>.</ENTRY>
       <LENGTH>22</LENGTH>
       <SPLIT>D</SPLIT>
      </item>
      <item>
       <ID>S</ID>
       <KEY>S_VKBUR</KEY>
       <ENTRY>.</ENTRY>
       <LENGTH>20</LENGTH>
       <SPLIT>D</SPLIT>
      </item>
      <item>
       <ID>S</ID>
       <KEY>S_VKORG</KEY>
       <ENTRY>.</ENTRY>
       <LENGTH>26</LENGTH>
       <SPLIT>D</SPLIT>
      </item>
      <item>
       <ID>S</ID>
       <KEY>S_VTWEG</KEY>
       <ENTRY>.</ENTRY>
       <LENGTH>28</LENGTH>
       <SPLIT>D</SPLIT>
      </item>
     </TEXTPOOL>
    </item>
   </I18N_TPOOL>
  </asx:values>
 </asx:abap>
</abapGit>
