﻿<?xml version="1.0" encoding="utf-8"?>
<abapGit version="v1.0.0" serializer="LCL_OBJECT_TABL" serializer_version="v1.0.0">
 <asx:abap xmlns:asx="http://www.sap.com/abapxml" version="1.0">
  <asx:values>
   <DD02V>
    <TABNAME>ZSD_STR_OPEN_ORDER_NEW</TABNAME>
    <DDLANGUAGE>E</DDLANGUAGE>
    <TABCLASS>INTTAB</TABCLASS>
    <LANGDEP>X</LANGDEP>
    <DDTEXT>Sales Order Structure for ZOOR</DDTEXT>
    <EXCLASS>4</EXCLASS>
   </DD02V>
   <DD03P_TABLE>
    <DD03P>
     <TABNAME>ZSD_STR_OPEN_ORDER_NEW</TABNAME>
     <FIELDNAME>BDATJ</FIELDNAME>
     <POSITION>0001</POSITION>
     <ROLLNAME>BDATJ</ROLLNAME>
     <ADMINFIELD>0</ADMINFIELD>
     <COMPTYPE>E</COMPTYPE>
    </DD03P>
    <DD03P>
     <TABNAME>ZSD_STR_OPEN_ORDER_NEW</TABNAME>
     <FIELDNAME>POPER</FIELDNAME>
     <POSITION>0002</POSITION>
     <ROLLNAME>POPER</ROLLNAME>
     <ADMINFIELD>0</ADMINFIELD>
     <COMPTYPE>E</COMPTYPE>
    </DD03P>
    <DD03P>
     <TABNAME>ZSD_STR_OPEN_ORDER_NEW</TABNAME>
     <FIELDNAME>VBELN</FIELDNAME>
     <POSITION>0003</POSITION>
     <ROLLNAME>VBELN_VA</ROLLNAME>
     <ADMINFIELD>0</ADMINFIELD>
     <COMPTYPE>E</COMPTYPE>
    </DD03P>
    <DD03P>
     <TABNAME>ZSD_STR_OPEN_ORDER_NEW</TABNAME>
     <FIELDNAME>POSNR</FIELDNAME>
     <POSITION>0004</POSITION>
     <ROLLNAME>POSNR_VA</ROLLNAME>
     <ADMINFIELD>0</ADMINFIELD>
     <COMPTYPE>E</COMPTYPE>
    </DD03P>
    <DD03P>
     <TABNAME>ZSD_STR_OPEN_ORDER_NEW</TABNAME>
     <FIELDNAME>PSTYV</FIELDNAME>
     <POSITION>0005</POSITION>
     <ROLLNAME>PSTYV</ROLLNAME>
     <ADMINFIELD>0</ADMINFIELD>
     <COMPTYPE>E</COMPTYPE>
    </DD03P>
    <DD03P>
     <TABNAME>ZSD_STR_OPEN_ORDER_NEW</TABNAME>
     <FIELDNAME>ETENR</FIELDNAME>
     <POSITION>0006</POSITION>
     <ROLLNAME>ETENR</ROLLNAME>
     <ADMINFIELD>0</ADMINFIELD>
     <COMPTYPE>E</COMPTYPE>
    </DD03P>
    <DD03P>
     <TABNAME>ZSD_STR_OPEN_ORDER_NEW</TABNAME>
     <FIELDNAME>ETTYP</FIELDNAME>
     <POSITION>0007</POSITION>
     <ROLLNAME>ETTYP</ROLLNAME>
     <ADMINFIELD>0</ADMINFIELD>
     <COMPTYPE>E</COMPTYPE>
    </DD03P>
    <DD03P>
     <TABNAME>ZSD_STR_OPEN_ORDER_NEW</TABNAME>
     <FIELDNAME>BSTKD</FIELDNAME>
     <POSITION>0008</POSITION>
     <ROLLNAME>BSTKD</ROLLNAME>
     <ADMINFIELD>0</ADMINFIELD>
     <COMPTYPE>E</COMPTYPE>
    </DD03P>
    <DD03P>
     <TABNAME>ZSD_STR_OPEN_ORDER_NEW</TABNAME>
     <FIELDNAME>BSTKD_E</FIELDNAME>
     <POSITION>0009</POSITION>
     <ROLLNAME>BSTKD_E</ROLLNAME>
     <ADMINFIELD>0</ADMINFIELD>
     <COMPTYPE>E</COMPTYPE>
    </DD03P>
    <DD03P>
     <TABNAME>ZSD_STR_OPEN_ORDER_NEW</TABNAME>
     <FIELDNAME>IHREZ_E</FIELDNAME>
     <POSITION>0010</POSITION>
     <ROLLNAME>IHREZ_E</ROLLNAME>
     <ADMINFIELD>0</ADMINFIELD>
     <COMPTYPE>E</COMPTYPE>
    </DD03P>
    <DD03P>
     <TABNAME>ZSD_STR_OPEN_ORDER_NEW</TABNAME>
     <FIELDNAME>BUKRS_VF</FIELDNAME>
     <POSITION>0011</POSITION>
     <ROLLNAME>BUKRS_VF</ROLLNAME>
     <ADMINFIELD>0</ADMINFIELD>
     <COMPTYPE>E</COMPTYPE>
    </DD03P>
    <DD03P>
     <TABNAME>ZSD_STR_OPEN_ORDER_NEW</TABNAME>
     <FIELDNAME>VKORG</FIELDNAME>
     <POSITION>0012</POSITION>
     <ROLLNAME>VKORG</ROLLNAME>
     <ADMINFIELD>0</ADMINFIELD>
     <SHLPORIGIN>D</SHLPORIGIN>
     <COMPTYPE>E</COMPTYPE>
    </DD03P>
    <DD03P>
     <TABNAME>ZSD_STR_OPEN_ORDER_NEW</TABNAME>
     <FIELDNAME>VTWEG</FIELDNAME>
     <POSITION>0013</POSITION>
     <ROLLNAME>VTWEG</ROLLNAME>
     <ADMINFIELD>0</ADMINFIELD>
     <SHLPORIGIN>D</SHLPORIGIN>
     <COMPTYPE>E</COMPTYPE>
    </DD03P>
    <DD03P>
     <TABNAME>ZSD_STR_OPEN_ORDER_NEW</TABNAME>
     <FIELDNAME>SPART</FIELDNAME>
     <POSITION>0014</POSITION>
     <ROLLNAME>SPART</ROLLNAME>
     <ADMINFIELD>0</ADMINFIELD>
     <SHLPORIGIN>D</SHLPORIGIN>
     <COMPTYPE>E</COMPTYPE>
    </DD03P>
    <DD03P>
     <TABNAME>ZSD_STR_OPEN_ORDER_NEW</TABNAME>
     <FIELDNAME>DWERK</FIELDNAME>
     <POSITION>0015</POSITION>
     <ROLLNAME>DWERK</ROLLNAME>
     <ADMINFIELD>0</ADMINFIELD>
     <COMPTYPE>E</COMPTYPE>
    </DD03P>
    <DD03P>
     <TABNAME>ZSD_STR_OPEN_ORDER_NEW</TABNAME>
     <FIELDNAME>VBTYP</FIELDNAME>
     <POSITION>0016</POSITION>
     <ROLLNAME>VBTYP</ROLLNAME>
     <ADMINFIELD>0</ADMINFIELD>
     <VALEXI>X</VALEXI>
     <SHLPORIGIN>F</SHLPORIGIN>
     <COMPTYPE>E</COMPTYPE>
    </DD03P>
    <DD03P>
     <TABNAME>ZSD_STR_OPEN_ORDER_NEW</TABNAME>
     <FIELDNAME>AUART</FIELDNAME>
     <POSITION>0017</POSITION>
     <ROLLNAME>AUART</ROLLNAME>
     <ADMINFIELD>0</ADMINFIELD>
     <COMPTYPE>E</COMPTYPE>
    </DD03P>
    <DD03P>
     <TABNAME>ZSD_STR_OPEN_ORDER_NEW</TABNAME>
     <FIELDNAME>BEZEI</FIELDNAME>
     <POSITION>0018</POSITION>
     <ROLLNAME>BEZEI20</ROLLNAME>
     <ADMINFIELD>0</ADMINFIELD>
     <COMPTYPE>E</COMPTYPE>
    </DD03P>
    <DD03P>
     <TABNAME>ZSD_STR_OPEN_ORDER_NEW</TABNAME>
     <FIELDNAME>AUDAT</FIELDNAME>
     <POSITION>0019</POSITION>
     <ROLLNAME>AUDAT</ROLLNAME>
     <ADMINFIELD>0</ADMINFIELD>
     <SHLPORIGIN>T</SHLPORIGIN>
     <COMPTYPE>E</COMPTYPE>
    </DD03P>
    <DD03P>
     <TABNAME>ZSD_STR_OPEN_ORDER_NEW</TABNAME>
     <FIELDNAME>VDATU</FIELDNAME>
     <POSITION>0020</POSITION>
     <ROLLNAME>EDATU_VBAK</ROLLNAME>
     <ADMINFIELD>0</ADMINFIELD>
     <SHLPORIGIN>T</SHLPORIGIN>
     <COMPTYPE>E</COMPTYPE>
    </DD03P>
    <DD03P>
     <TABNAME>ZSD_STR_OPEN_ORDER_NEW</TABNAME>
     <FIELDNAME>EDATU</FIELDNAME>
     <POSITION>0021</POSITION>
     <ROLLNAME>EDATU</ROLLNAME>
     <ADMINFIELD>0</ADMINFIELD>
     <SHLPORIGIN>T</SHLPORIGIN>
     <COMPTYPE>E</COMPTYPE>
    </DD03P>
    <DD03P>
     <TABNAME>ZSD_STR_OPEN_ORDER_NEW</TABNAME>
     <FIELDNAME>.INCLUDE</FIELDNAME>
     <DDLANGUAGE>E</DDLANGUAGE>
     <POSITION>0022</POSITION>
     <ADMINFIELD>0</ADMINFIELD>
     <PRECFIELD>ZSD_CUSTOMER_ELEMENTS_NEW</PRECFIELD>
     <MASK>      S</MASK>
     <DDTEXT>Customer elements</DDTEXT>
     <COMPTYPE>S</COMPTYPE>
     <GROUPNAME>CUST</GROUPNAME>
    </DD03P>
    <DD03P>
     <TABNAME>ZSD_STR_OPEN_ORDER_NEW</TABNAME>
     <FIELDNAME>EXT_SALES_AGNT_NUM</FIELDNAME>
     <POSITION>0060</POSITION>
     <ROLLNAME>ZSD_EXT_SALES_AGT_NUM</ROLLNAME>
     <ADMINFIELD>0</ADMINFIELD>
     <COMPTYPE>E</COMPTYPE>
    </DD03P>
    <DD03P>
     <TABNAME>ZSD_STR_OPEN_ORDER_NEW</TABNAME>
     <FIELDNAME>EXT_SALES_AGNT</FIELDNAME>
     <POSITION>0061</POSITION>
     <ROLLNAME>ZSD_EXT_SALES_AGT</ROLLNAME>
     <ADMINFIELD>0</ADMINFIELD>
     <COMPTYPE>E</COMPTYPE>
    </DD03P>
    <DD03P>
     <TABNAME>ZSD_STR_OPEN_ORDER_NEW</TABNAME>
     <FIELDNAME>BZIRK</FIELDNAME>
     <POSITION>0062</POSITION>
     <ROLLNAME>BZIRK</ROLLNAME>
     <ADMINFIELD>0</ADMINFIELD>
     <COMPTYPE>E</COMPTYPE>
    </DD03P>
    <DD03P>
     <TABNAME>ZSD_STR_OPEN_ORDER_NEW</TABNAME>
     <FIELDNAME>BZTXT</FIELDNAME>
     <POSITION>0063</POSITION>
     <ROLLNAME>BZTXT</ROLLNAME>
     <ADMINFIELD>0</ADMINFIELD>
     <COMPTYPE>E</COMPTYPE>
    </DD03P>
    <DD03P>
     <TABNAME>ZSD_STR_OPEN_ORDER_NEW</TABNAME>
     <FIELDNAME>GBSTA</FIELDNAME>
     <POSITION>0064</POSITION>
     <ROLLNAME>GBSTA</ROLLNAME>
     <ADMINFIELD>0</ADMINFIELD>
     <VALEXI>X</VALEXI>
     <SHLPORIGIN>F</SHLPORIGIN>
     <COMPTYPE>E</COMPTYPE>
    </DD03P>
    <DD03P>
     <TABNAME>ZSD_STR_OPEN_ORDER_NEW</TABNAME>
     <FIELDNAME>LFSTA</FIELDNAME>
     <POSITION>0065</POSITION>
     <ROLLNAME>LFSTA</ROLLNAME>
     <ADMINFIELD>0</ADMINFIELD>
     <VALEXI>X</VALEXI>
     <SHLPORIGIN>F</SHLPORIGIN>
     <COMPTYPE>E</COMPTYPE>
    </DD03P>
    <DD03P>
     <TABNAME>ZSD_STR_OPEN_ORDER_NEW</TABNAME>
     <FIELDNAME>FKSTA</FIELDNAME>
     <POSITION>0066</POSITION>
     <ROLLNAME>FKSTA</ROLLNAME>
     <ADMINFIELD>0</ADMINFIELD>
     <VALEXI>X</VALEXI>
     <SHLPORIGIN>F</SHLPORIGIN>
     <COMPTYPE>E</COMPTYPE>
    </DD03P>
    <DD03P>
     <TABNAME>ZSD_STR_OPEN_ORDER_NEW</TABNAME>
     <FIELDNAME>MATNR</FIELDNAME>
     <POSITION>0067</POSITION>
     <ROLLNAME>MATNR</ROLLNAME>
     <ADMINFIELD>0</ADMINFIELD>
     <SHLPORIGIN>D</SHLPORIGIN>
     <COMPTYPE>E</COMPTYPE>
    </DD03P>
    <DD03P>
     <TABNAME>ZSD_STR_OPEN_ORDER_NEW</TABNAME>
     <FIELDNAME>ARKTX</FIELDNAME>
     <POSITION>0068</POSITION>
     <ROLLNAME>ARKTX</ROLLNAME>
     <ADMINFIELD>0</ADMINFIELD>
     <COMPTYPE>E</COMPTYPE>
    </DD03P>
    <DD03P>
     <TABNAME>ZSD_STR_OPEN_ORDER_NEW</TABNAME>
     <FIELDNAME>MTART</FIELDNAME>
     <POSITION>0069</POSITION>
     <ROLLNAME>MTART</ROLLNAME>
     <ADMINFIELD>0</ADMINFIELD>
     <COMPTYPE>E</COMPTYPE>
    </DD03P>
    <DD03P>
     <TABNAME>ZSD_STR_OPEN_ORDER_NEW</TABNAME>
     <FIELDNAME>TOP_PRODH</FIELDNAME>
     <POSITION>0070</POSITION>
     <ROLLNAME>ZTOP_PRODH</ROLLNAME>
     <ADMINFIELD>0</ADMINFIELD>
     <COMPTYPE>E</COMPTYPE>
    </DD03P>
    <DD03P>
     <TABNAME>ZSD_STR_OPEN_ORDER_NEW</TABNAME>
     <FIELDNAME>PRODH</FIELDNAME>
     <POSITION>0071</POSITION>
     <ROLLNAME>PRODH_D</ROLLNAME>
     <ADMINFIELD>0</ADMINFIELD>
     <COMPTYPE>E</COMPTYPE>
    </DD03P>
    <DD03P>
     <TABNAME>ZSD_STR_OPEN_ORDER_NEW</TABNAME>
     <FIELDNAME>VTEXT</FIELDNAME>
     <POSITION>0072</POSITION>
     <ROLLNAME>BEZEI40</ROLLNAME>
     <ADMINFIELD>0</ADMINFIELD>
     <COMPTYPE>E</COMPTYPE>
    </DD03P>
    <DD03P>
     <TABNAME>ZSD_STR_OPEN_ORDER_NEW</TABNAME>
     <FIELDNAME>BESKZ</FIELDNAME>
     <POSITION>0073</POSITION>
     <ROLLNAME>BESKZ</ROLLNAME>
     <ADMINFIELD>0</ADMINFIELD>
     <VALEXI>X</VALEXI>
     <SHLPORIGIN>F</SHLPORIGIN>
     <COMPTYPE>E</COMPTYPE>
    </DD03P>
    <DD03P>
     <TABNAME>ZSD_STR_OPEN_ORDER_NEW</TABNAME>
     <FIELDNAME>NETPR</FIELDNAME>
     <POSITION>0074</POSITION>
     <ROLLNAME>NETPR</ROLLNAME>
     <ADMINFIELD>0</ADMINFIELD>
     <REFTABLE>ZSD_STR_OPEN_ORDER_NEW</REFTABLE>
     <REFFIELD>NETPR_KEY</REFFIELD>
     <COMPTYPE>E</COMPTYPE>
    </DD03P>
    <DD03P>
     <TABNAME>ZSD_STR_OPEN_ORDER_NEW</TABNAME>
     <FIELDNAME>NETPR_KEY</FIELDNAME>
     <POSITION>0075</POSITION>
     <ROLLNAME>WAERK</ROLLNAME>
     <ADMINFIELD>0</ADMINFIELD>
     <COMPTYPE>E</COMPTYPE>
    </DD03P>
    <DD03P>
     <TABNAME>ZSD_STR_OPEN_ORDER_NEW</TABNAME>
     <FIELDNAME>ENDUSERPRC</FIELDNAME>
     <POSITION>0076</POSITION>
     <ROLLNAME>ZENDUSERPRC</ROLLNAME>
     <ADMINFIELD>0</ADMINFIELD>
     <REFTABLE>ZSD_STR_OPEN_ORDER_NEW</REFTABLE>
     <REFFIELD>ENDUSERPRC_KEY</REFFIELD>
     <COMPTYPE>E</COMPTYPE>
    </DD03P>
    <DD03P>
     <TABNAME>ZSD_STR_OPEN_ORDER_NEW</TABNAME>
     <FIELDNAME>ENDUSERPRC_KEY</FIELDNAME>
     <POSITION>0077</POSITION>
     <ROLLNAME>WAERK</ROLLNAME>
     <ADMINFIELD>0</ADMINFIELD>
     <COMPTYPE>E</COMPTYPE>
    </DD03P>
    <DD03P>
     <TABNAME>ZSD_STR_OPEN_ORDER_NEW</TABNAME>
     <FIELDNAME>QTY</FIELDNAME>
     <POSITION>0078</POSITION>
     <ROLLNAME>BMENG</ROLLNAME>
     <ADMINFIELD>0</ADMINFIELD>
     <REFTABLE>VBAP</REFTABLE>
     <REFFIELD>VRKME</REFFIELD>
     <COMPTYPE>E</COMPTYPE>
    </DD03P>
    <DD03P>
     <TABNAME>ZSD_STR_OPEN_ORDER_NEW</TABNAME>
     <FIELDNAME>TARGET_QTY</FIELDNAME>
     <POSITION>0079</POSITION>
     <ROLLNAME>KWMENG</ROLLNAME>
     <ADMINFIELD>0</ADMINFIELD>
     <REFTABLE>VBAP</REFTABLE>
     <REFFIELD>VRKME</REFFIELD>
     <COMPTYPE>E</COMPTYPE>
    </DD03P>
    <DD03P>
     <TABNAME>ZSD_STR_OPEN_ORDER_NEW</TABNAME>
     <FIELDNAME>WMENG</FIELDNAME>
     <POSITION>0080</POSITION>
     <ROLLNAME>WMENG</ROLLNAME>
     <ADMINFIELD>0</ADMINFIELD>
     <REFTABLE>VBAP</REFTABLE>
     <REFFIELD>VRKME</REFFIELD>
     <COMPTYPE>E</COMPTYPE>
    </DD03P>
    <DD03P>
     <TABNAME>ZSD_STR_OPEN_ORDER_NEW</TABNAME>
     <FIELDNAME>NETWR</FIELDNAME>
     <POSITION>0081</POSITION>
     <ROLLNAME>NETWR</ROLLNAME>
     <ADMINFIELD>0</ADMINFIELD>
     <REFTABLE>ZSD_STR_OPEN_ORDER_NEW</REFTABLE>
     <REFFIELD>WAERK</REFFIELD>
     <COMPTYPE>E</COMPTYPE>
    </DD03P>
    <DD03P>
     <TABNAME>ZSD_STR_OPEN_ORDER_NEW</TABNAME>
     <FIELDNAME>WAERK</FIELDNAME>
     <POSITION>0082</POSITION>
     <ROLLNAME>WAERK</ROLLNAME>
     <ADMINFIELD>0</ADMINFIELD>
     <COMPTYPE>E</COMPTYPE>
    </DD03P>
    <DD03P>
     <TABNAME>ZSD_STR_OPEN_ORDER_NEW</TABNAME>
     <FIELDNAME>LOCAL_NETWR</FIELDNAME>
     <POSITION>0083</POSITION>
     <ROLLNAME>NETWR</ROLLNAME>
     <ADMINFIELD>0</ADMINFIELD>
     <REFTABLE>ZSD_STR_OPEN_ORDER_NEW</REFTABLE>
     <REFFIELD>HWAER</REFFIELD>
     <COMPTYPE>E</COMPTYPE>
    </DD03P>
    <DD03P>
     <TABNAME>ZSD_STR_OPEN_ORDER_NEW</TABNAME>
     <FIELDNAME>HWAER</FIELDNAME>
     <POSITION>0084</POSITION>
     <ROLLNAME>HWAER</ROLLNAME>
     <ADMINFIELD>0</ADMINFIELD>
     <COMPTYPE>E</COMPTYPE>
    </DD03P>
    <DD03P>
     <TABNAME>ZSD_STR_OPEN_ORDER_NEW</TABNAME>
     <FIELDNAME>LOCAL_CORP_NETWR</FIELDNAME>
     <POSITION>0085</POSITION>
     <ROLLNAME>NETWR</ROLLNAME>
     <ADMINFIELD>0</ADMINFIELD>
     <REFTABLE>ZSD_STR_OPEN_ORDER_NEW</REFTABLE>
     <REFFIELD>HWAER_LCORP</REFFIELD>
     <COMPTYPE>E</COMPTYPE>
    </DD03P>
    <DD03P>
     <TABNAME>ZSD_STR_OPEN_ORDER_NEW</TABNAME>
     <FIELDNAME>HWAER_LCORP</FIELDNAME>
     <POSITION>0086</POSITION>
     <ROLLNAME>HWAER</ROLLNAME>
     <ADMINFIELD>0</ADMINFIELD>
     <COMPTYPE>E</COMPTYPE>
    </DD03P>
    <DD03P>
     <TABNAME>ZSD_STR_OPEN_ORDER_NEW</TABNAME>
     <FIELDNAME>GROUP_NETWR</FIELDNAME>
     <POSITION>0087</POSITION>
     <ROLLNAME>NETWR</ROLLNAME>
     <ADMINFIELD>0</ADMINFIELD>
     <REFTABLE>ZSD_STR_OPEN_ORDER_NEW</REFTABLE>
     <REFFIELD>FCBW_GCUR</REFFIELD>
     <COMPTYPE>E</COMPTYPE>
    </DD03P>
    <DD03P>
     <TABNAME>ZSD_STR_OPEN_ORDER_NEW</TABNAME>
     <FIELDNAME>GROUP_LOC_NETWR</FIELDNAME>
     <POSITION>0088</POSITION>
     <ROLLNAME>NETWR</ROLLNAME>
     <ADMINFIELD>0</ADMINFIELD>
     <REFTABLE>ZSD_STR_OPEN_ORDER_NEW</REFTABLE>
     <REFFIELD>FCBW_GCUR</REFFIELD>
     <COMPTYPE>E</COMPTYPE>
    </DD03P>
    <DD03P>
     <TABNAME>ZSD_STR_OPEN_ORDER_NEW</TABNAME>
     <FIELDNAME>FCBW_GCUR</FIELDNAME>
     <POSITION>0089</POSITION>
     <ROLLNAME>FCBW_GCUR</ROLLNAME>
     <ADMINFIELD>0</ADMINFIELD>
     <COMPTYPE>E</COMPTYPE>
    </DD03P>
    <DD03P>
     <TABNAME>ZSD_STR_OPEN_ORDER_NEW</TABNAME>
     <FIELDNAME>FACT_LOC_NETWR</FIELDNAME>
     <POSITION>0090</POSITION>
     <ROLLNAME>NETWR</ROLLNAME>
     <ADMINFIELD>0</ADMINFIELD>
     <REFTABLE>ZSD_STR_OPEN_ORDER_NEW</REFTABLE>
     <REFFIELD>FACT_NETWR_KEY</REFFIELD>
     <COMPTYPE>E</COMPTYPE>
    </DD03P>
    <DD03P>
     <TABNAME>ZSD_STR_OPEN_ORDER_NEW</TABNAME>
     <FIELDNAME>FACTORY_NETWR</FIELDNAME>
     <POSITION>0091</POSITION>
     <ROLLNAME>NETWR</ROLLNAME>
     <ADMINFIELD>0</ADMINFIELD>
     <REFTABLE>ZSD_STR_OPEN_ORDER_NEW</REFTABLE>
     <REFFIELD>FACT_NETWR_KEY</REFFIELD>
     <COMPTYPE>E</COMPTYPE>
    </DD03P>
    <DD03P>
     <TABNAME>ZSD_STR_OPEN_ORDER_NEW</TABNAME>
     <FIELDNAME>FACT_NETWR_KEY</FIELDNAME>
     <POSITION>0092</POSITION>
     <ROLLNAME>WAERK</ROLLNAME>
     <ADMINFIELD>0</ADMINFIELD>
     <COMPTYPE>E</COMPTYPE>
    </DD03P>
    <DD03P>
     <TABNAME>ZSD_STR_OPEN_ORDER_NEW</TABNAME>
     <FIELDNAME>.INCLUDE</FIELDNAME>
     <DDLANGUAGE>E</DDLANGUAGE>
     <POSITION>0093</POSITION>
     <ADMINFIELD>0</ADMINFIELD>
     <PRECFIELD>ZMM_COST_ELEMENTS_NEW</PRECFIELD>
     <MASK>      S</MASK>
     <DDTEXT>Cost elements</DDTEXT>
     <COMPTYPE>S</COMPTYPE>
     <GROUPNAME>COSTS</GROUPNAME>
    </DD03P>
    <DD03P>
     <TABNAME>ZSD_STR_OPEN_ORDER_NEW</TABNAME>
     <FIELDNAME>PRCTR</FIELDNAME>
     <POSITION>0122</POSITION>
     <ROLLNAME>PRCTR</ROLLNAME>
     <ADMINFIELD>0</ADMINFIELD>
     <SHLPORIGIN>D</SHLPORIGIN>
     <COMPTYPE>E</COMPTYPE>
    </DD03P>
    <DD03P>
     <TABNAME>ZSD_STR_OPEN_ORDER_NEW</TABNAME>
     <FIELDNAME>PRCTR_TXT</FIELDNAME>
     <POSITION>0123</POSITION>
     <ROLLNAME>BEZEI40</ROLLNAME>
     <ADMINFIELD>0</ADMINFIELD>
     <COMPTYPE>E</COMPTYPE>
    </DD03P>
    <DD03P>
     <TABNAME>ZSD_STR_OPEN_ORDER_NEW</TABNAME>
     <FIELDNAME>ABGRU</FIELDNAME>
     <POSITION>0124</POSITION>
     <ROLLNAME>ABGRU</ROLLNAME>
     <ADMINFIELD>0</ADMINFIELD>
     <COMPTYPE>E</COMPTYPE>
    </DD03P>
    <DD03P>
     <TABNAME>ZSD_STR_OPEN_ORDER_NEW</TABNAME>
     <FIELDNAME>REJ_REASON</FIELDNAME>
     <POSITION>0125</POSITION>
     <ROLLNAME>ABGRU_BEZ</ROLLNAME>
     <ADMINFIELD>0</ADMINFIELD>
     <COMPTYPE>E</COMPTYPE>
    </DD03P>
    <DD03P>
     <TABNAME>ZSD_STR_OPEN_ORDER_NEW</TABNAME>
     <FIELDNAME>LIFSK</FIELDNAME>
     <POSITION>0126</POSITION>
     <ROLLNAME>LIFSK</ROLLNAME>
     <ADMINFIELD>0</ADMINFIELD>
     <COMPTYPE>E</COMPTYPE>
    </DD03P>
    <DD03P>
     <TABNAME>ZSD_STR_OPEN_ORDER_NEW</TABNAME>
     <FIELDNAME>LIFSK_DESC</FIELDNAME>
     <POSITION>0127</POSITION>
     <ROLLNAME>VTEXT</ROLLNAME>
     <ADMINFIELD>0</ADMINFIELD>
     <COMPTYPE>E</COMPTYPE>
    </DD03P>
    <DD03P>
     <TABNAME>ZSD_STR_OPEN_ORDER_NEW</TABNAME>
     <FIELDNAME>FAKSK</FIELDNAME>
     <POSITION>0128</POSITION>
     <ROLLNAME>FAKSK</ROLLNAME>
     <ADMINFIELD>0</ADMINFIELD>
     <COMPTYPE>E</COMPTYPE>
    </DD03P>
    <DD03P>
     <TABNAME>ZSD_STR_OPEN_ORDER_NEW</TABNAME>
     <FIELDNAME>FAKSK_DESC</FIELDNAME>
     <POSITION>0129</POSITION>
     <ROLLNAME>VTEXT</ROLLNAME>
     <ADMINFIELD>0</ADMINFIELD>
     <COMPTYPE>E</COMPTYPE>
    </DD03P>
    <DD03P>
     <TABNAME>ZSD_STR_OPEN_ORDER_NEW</TABNAME>
     <FIELDNAME>KNUMV</FIELDNAME>
     <POSITION>0130</POSITION>
     <ROLLNAME>KNUMV</ROLLNAME>
     <ADMINFIELD>0</ADMINFIELD>
     <COMPTYPE>E</COMPTYPE>
    </DD03P>
    <DD03P>
     <TABNAME>ZSD_STR_OPEN_ORDER_NEW</TABNAME>
     <FIELDNAME>ERNAM</FIELDNAME>
     <POSITION>0131</POSITION>
     <ROLLNAME>ERNAM</ROLLNAME>
     <ADMINFIELD>0</ADMINFIELD>
     <COMPTYPE>E</COMPTYPE>
    </DD03P>
    <DD03P>
     <TABNAME>ZSD_STR_OPEN_ORDER_NEW</TABNAME>
     <FIELDNAME>PROD_MEMO</FIELDNAME>
     <POSITION>0132</POSITION>
     <ROLLNAME>TDLINE</ROLLNAME>
     <ADMINFIELD>0</ADMINFIELD>
     <COMPTYPE>E</COMPTYPE>
    </DD03P>
    <DD03P>
     <TABNAME>ZSD_STR_OPEN_ORDER_NEW</TABNAME>
     <FIELDNAME>BEMOT</FIELDNAME>
     <POSITION>0133</POSITION>
     <ROLLNAME>BEMOT</ROLLNAME>
     <ADMINFIELD>0</ADMINFIELD>
     <COMPTYPE>E</COMPTYPE>
    </DD03P>
    <DD03P>
     <TABNAME>ZSD_STR_OPEN_ORDER_NEW</TABNAME>
     <FIELDNAME>LPRIO</FIELDNAME>
     <POSITION>0134</POSITION>
     <ROLLNAME>LPRIO</ROLLNAME>
     <ADMINFIELD>0</ADMINFIELD>
     <COMPTYPE>E</COMPTYPE>
    </DD03P>
    <DD03P>
     <TABNAME>ZSD_STR_OPEN_ORDER_NEW</TABNAME>
     <FIELDNAME>PODKZ</FIELDNAME>
     <POSITION>0135</POSITION>
     <ROLLNAME>PODKZ</ROLLNAME>
     <ADMINFIELD>0</ADMINFIELD>
     <VALEXI>X</VALEXI>
     <SHLPORIGIN>F</SHLPORIGIN>
     <COMPTYPE>E</COMPTYPE>
    </DD03P>
    <DD03P>
     <TABNAME>ZSD_STR_OPEN_ORDER_NEW</TABNAME>
     <FIELDNAME>VSTEL</FIELDNAME>
     <POSITION>0136</POSITION>
     <ROLLNAME>VSTEL</ROLLNAME>
     <ADMINFIELD>0</ADMINFIELD>
     <COMPTYPE>E</COMPTYPE>
    </DD03P>
    <DD03P>
     <TABNAME>ZSD_STR_OPEN_ORDER_NEW</TABNAME>
     <FIELDNAME>ABRVW</FIELDNAME>
     <POSITION>0137</POSITION>
     <ROLLNAME>ABRVW</ROLLNAME>
     <ADMINFIELD>0</ADMINFIELD>
     <COMPTYPE>E</COMPTYPE>
    </DD03P>
    <DD03P>
     <TABNAME>ZSD_STR_OPEN_ORDER_NEW</TABNAME>
     <FIELDNAME>ABRVW_TXT</FIELDNAME>
     <POSITION>0138</POSITION>
     <ROLLNAME>BEZEI20</ROLLNAME>
     <ADMINFIELD>0</ADMINFIELD>
     <COMPTYPE>E</COMPTYPE>
    </DD03P>
    <DD03P>
     <TABNAME>ZSD_STR_OPEN_ORDER_NEW</TABNAME>
     <FIELDNAME>TYPE</FIELDNAME>
     <POSITION>0139</POSITION>
     <ROLLNAME>ALLGKONZ</ROLLNAME>
     <ADMINFIELD>0</ADMINFIELD>
     <COMPTYPE>E</COMPTYPE>
    </DD03P>
    <DD03P>
     <TABNAME>ZSD_STR_OPEN_ORDER_NEW</TABNAME>
     <FIELDNAME>INCO1</FIELDNAME>
     <POSITION>0140</POSITION>
     <ROLLNAME>INCO1</ROLLNAME>
     <ADMINFIELD>0</ADMINFIELD>
     <COMPTYPE>E</COMPTYPE>
    </DD03P>
    <DD03P>
     <TABNAME>ZSD_STR_OPEN_ORDER_NEW</TABNAME>
     <FIELDNAME>INCO2</FIELDNAME>
     <POSITION>0141</POSITION>
     <ROLLNAME>INCO2</ROLLNAME>
     <ADMINFIELD>0</ADMINFIELD>
     <COMPTYPE>E</COMPTYPE>
    </DD03P>
    <DD03P>
     <TABNAME>ZSD_STR_OPEN_ORDER_NEW</TABNAME>
     <FIELDNAME>INCOMPLETE</FIELDNAME>
     <POSITION>0142</POSITION>
     <ROLLNAME>FC_NREADY</ROLLNAME>
     <ADMINFIELD>0</ADMINFIELD>
     <VALEXI>X</VALEXI>
     <SHLPORIGIN>F</SHLPORIGIN>
     <COMPTYPE>E</COMPTYPE>
    </DD03P>
    <DD03P>
     <TABNAME>ZSD_STR_OPEN_ORDER_NEW</TABNAME>
     <FIELDNAME>MWSK1</FIELDNAME>
     <POSITION>0143</POSITION>
     <ROLLNAME>MWSKZ</ROLLNAME>
     <ADMINFIELD>0</ADMINFIELD>
     <COMPTYPE>E</COMPTYPE>
    </DD03P>
    <DD03P>
     <TABNAME>ZSD_STR_OPEN_ORDER_NEW</TABNAME>
     <FIELDNAME>MWSK2</FIELDNAME>
     <POSITION>0144</POSITION>
     <ROLLNAME>WT_WITHCD</ROLLNAME>
     <ADMINFIELD>0</ADMINFIELD>
     <COMPTYPE>E</COMPTYPE>
    </DD03P>
    <DD03P>
     <TABNAME>ZSD_STR_OPEN_ORDER_NEW</TABNAME>
     <FIELDNAME>KTGRM</FIELDNAME>
     <POSITION>0145</POSITION>
     <ROLLNAME>KTGRM</ROLLNAME>
     <ADMINFIELD>0</ADMINFIELD>
     <COMPTYPE>E</COMPTYPE>
    </DD03P>
    <DD03P>
     <TABNAME>ZSD_STR_OPEN_ORDER_NEW</TABNAME>
     <FIELDNAME>ZZCOMMITDATE</FIELDNAME>
     <POSITION>0146</POSITION>
     <ROLLNAME>ZCOMMITDATE</ROLLNAME>
     <ADMINFIELD>0</ADMINFIELD>
     <SHLPORIGIN>T</SHLPORIGIN>
     <COMPTYPE>E</COMPTYPE>
    </DD03P>
    <DD03P>
     <TABNAME>ZSD_STR_OPEN_ORDER_NEW</TABNAME>
     <FIELDNAME>VKAUS</FIELDNAME>
     <POSITION>0147</POSITION>
     <ROLLNAME>ABRVW</ROLLNAME>
     <ADMINFIELD>0</ADMINFIELD>
     <COMPTYPE>E</COMPTYPE>
    </DD03P>
    <DD03P>
     <TABNAME>ZSD_STR_OPEN_ORDER_NEW</TABNAME>
     <FIELDNAME>VKAUS_TXT</FIELDNAME>
     <POSITION>0148</POSITION>
     <ROLLNAME>BEZEI20</ROLLNAME>
     <ADMINFIELD>0</ADMINFIELD>
     <COMPTYPE>E</COMPTYPE>
    </DD03P>
    <DD03P>
     <TABNAME>ZSD_STR_OPEN_ORDER_NEW</TABNAME>
     <FIELDNAME>ERDAT</FIELDNAME>
     <POSITION>0149</POSITION>
     <ROLLNAME>ERDAT</ROLLNAME>
     <ADMINFIELD>0</ADMINFIELD>
     <SHLPORIGIN>T</SHLPORIGIN>
     <COMPTYPE>E</COMPTYPE>
    </DD03P>
    <DD03P>
     <TABNAME>ZSD_STR_OPEN_ORDER_NEW</TABNAME>
     <FIELDNAME>CMGST</FIELDNAME>
     <POSITION>0150</POSITION>
     <ROLLNAME>CMGST</ROLLNAME>
     <ADMINFIELD>0</ADMINFIELD>
     <VALEXI>X</VALEXI>
     <SHLPORIGIN>F</SHLPORIGIN>
     <COMPTYPE>E</COMPTYPE>
    </DD03P>
    <DD03P>
     <TABNAME>ZSD_STR_OPEN_ORDER_NEW</TABNAME>
     <FIELDNAME>BEZEI2</FIELDNAME>
     <POSITION>0151</POSITION>
     <ROLLNAME>STATUS_BEZ</ROLLNAME>
     <ADMINFIELD>0</ADMINFIELD>
     <COMPTYPE>E</COMPTYPE>
    </DD03P>
    <DD03P>
     <TABNAME>ZSD_STR_OPEN_ORDER_NEW</TABNAME>
     <FIELDNAME>WRK02</FIELDNAME>
     <POSITION>0152</POSITION>
     <ROLLNAME>WERKS_D</ROLLNAME>
     <ADMINFIELD>0</ADMINFIELD>
     <SHLPORIGIN>D</SHLPORIGIN>
     <COMPTYPE>E</COMPTYPE>
    </DD03P>
    <DD03P>
     <TABNAME>ZSD_STR_OPEN_ORDER_NEW</TABNAME>
     <FIELDNAME>VBELP</FIELDNAME>
     <POSITION>0153</POSITION>
     <ROLLNAME>POSNR_CO</ROLLNAME>
     <ADMINFIELD>0</ADMINFIELD>
     <COMPTYPE>E</COMPTYPE>
    </DD03P>
    <DD03P>
     <TABNAME>ZSD_STR_OPEN_ORDER_NEW</TABNAME>
     <FIELDNAME>EBELN</FIELDNAME>
     <POSITION>0154</POSITION>
     <ROLLNAME>EBELN</ROLLNAME>
     <ADMINFIELD>0</ADMINFIELD>
     <SHLPORIGIN>D</SHLPORIGIN>
     <COMPTYPE>E</COMPTYPE>
    </DD03P>
    <DD03P>
     <TABNAME>ZSD_STR_OPEN_ORDER_NEW</TABNAME>
     <FIELDNAME>EBELP</FIELDNAME>
     <POSITION>0155</POSITION>
     <ROLLNAME>EBELP</ROLLNAME>
     <ADMINFIELD>0</ADMINFIELD>
     <COMPTYPE>E</COMPTYPE>
    </DD03P>
    <DD03P>
     <TABNAME>ZSD_STR_OPEN_ORDER_NEW</TABNAME>
     <FIELDNAME>GRSTAT</FIELDNAME>
     <POSITION>0156</POSITION>
     <ROLLNAME>ZGSTAT</ROLLNAME>
     <ADMINFIELD>0</ADMINFIELD>
     <COMPTYPE>E</COMPTYPE>
    </DD03P>
    <DD03P>
     <TABNAME>ZSD_STR_OPEN_ORDER_NEW</TABNAME>
     <FIELDNAME>GISTAT</FIELDNAME>
     <POSITION>0157</POSITION>
     <ROLLNAME>ZGSTAT</ROLLNAME>
     <ADMINFIELD>0</ADMINFIELD>
     <COMPTYPE>E</COMPTYPE>
    </DD03P>
    <DD03P>
     <TABNAME>ZSD_STR_OPEN_ORDER_NEW</TABNAME>
     <FIELDNAME>LGORT</FIELDNAME>
     <POSITION>0158</POSITION>
     <ROLLNAME>LGORT_D</ROLLNAME>
     <ADMINFIELD>0</ADMINFIELD>
     <COMPTYPE>E</COMPTYPE>
    </DD03P>
    <DD03P>
     <TABNAME>ZSD_STR_OPEN_ORDER_NEW</TABNAME>
     <FIELDNAME>ZTERM</FIELDNAME>
     <POSITION>0159</POSITION>
     <ROLLNAME>DZTERM</ROLLNAME>
     <ADMINFIELD>0</ADMINFIELD>
     <COMPTYPE>E</COMPTYPE>
    </DD03P>
    <DD03P>
     <TABNAME>ZSD_STR_OPEN_ORDER_NEW</TABNAME>
     <FIELDNAME>MVGR1</FIELDNAME>
     <POSITION>0160</POSITION>
     <ROLLNAME>MVGR1</ROLLNAME>
     <ADMINFIELD>0</ADMINFIELD>
     <COMPTYPE>E</COMPTYPE>
    </DD03P>
    <DD03P>
     <TABNAME>ZSD_STR_OPEN_ORDER_NEW</TABNAME>
     <FIELDNAME>MVGR2</FIELDNAME>
     <POSITION>0161</POSITION>
     <ROLLNAME>MVGR2</ROLLNAME>
     <ADMINFIELD>0</ADMINFIELD>
     <COMPTYPE>E</COMPTYPE>
    </DD03P>
    <DD03P>
     <TABNAME>ZSD_STR_OPEN_ORDER_NEW</TABNAME>
     <FIELDNAME>MVGR3</FIELDNAME>
     <POSITION>0162</POSITION>
     <ROLLNAME>MVGR3</ROLLNAME>
     <ADMINFIELD>0</ADMINFIELD>
     <COMPTYPE>E</COMPTYPE>
    </DD03P>
    <DD03P>
     <TABNAME>ZSD_STR_OPEN_ORDER_NEW</TABNAME>
     <FIELDNAME>MVGR4</FIELDNAME>
     <POSITION>0163</POSITION>
     <ROLLNAME>MVGR4</ROLLNAME>
     <ADMINFIELD>0</ADMINFIELD>
     <COMPTYPE>E</COMPTYPE>
    </DD03P>
    <DD03P>
     <TABNAME>ZSD_STR_OPEN_ORDER_NEW</TABNAME>
     <FIELDNAME>MVGR5</FIELDNAME>
     <POSITION>0164</POSITION>
     <ROLLNAME>MVGR5</ROLLNAME>
     <ADMINFIELD>0</ADMINFIELD>
     <COMPTYPE>E</COMPTYPE>
    </DD03P>
    <DD03P>
     <TABNAME>ZSD_STR_OPEN_ORDER_NEW</TABNAME>
     <FIELDNAME>KZWI3</FIELDNAME>
     <POSITION>0165</POSITION>
     <ROLLNAME>KZWI3</ROLLNAME>
     <ADMINFIELD>0</ADMINFIELD>
     <REFTABLE>ZSD_STR_OPEN_ORDER_NEW</REFTABLE>
     <REFFIELD>WAERK</REFFIELD>
     <COMPTYPE>E</COMPTYPE>
    </DD03P>
    <DD03P>
     <TABNAME>ZSD_STR_OPEN_ORDER_NEW</TABNAME>
     <FIELDNAME>VJBWH</FIELDNAME>
     <POSITION>0166</POSITION>
     <ROLLNAME>ZVBJWH</ROLLNAME>
     <ADMINFIELD>0</ADMINFIELD>
     <REFTABLE>ZSD_STR_OPEN_ORDER_NEW</REFTABLE>
     <REFFIELD>ZVJWAERS</REFFIELD>
     <COMPTYPE>E</COMPTYPE>
    </DD03P>
    <DD03P>
     <TABNAME>ZSD_STR_OPEN_ORDER_NEW</TABNAME>
     <FIELDNAME>ZVJWAERS</FIELDNAME>
     <POSITION>0167</POSITION>
     <ROLLNAME>WAERS</ROLLNAME>
     <ADMINFIELD>0</ADMINFIELD>
     <COMPTYPE>E</COMPTYPE>
    </DD03P>
    <DD03P>
     <TABNAME>ZSD_STR_OPEN_ORDER_NEW</TABNAME>
     <FIELDNAME>DISMM</FIELDNAME>
     <POSITION>0168</POSITION>
     <ROLLNAME>DISMM</ROLLNAME>
     <ADMINFIELD>0</ADMINFIELD>
     <COMPTYPE>E</COMPTYPE>
    </DD03P>
    <DD03P>
     <TABNAME>ZSD_STR_OPEN_ORDER_NEW</TABNAME>
     <FIELDNAME>KMEIN</FIELDNAME>
     <POSITION>0169</POSITION>
     <ROLLNAME>ZKMEIN</ROLLNAME>
     <ADMINFIELD>0</ADMINFIELD>
     <COMPTYPE>E</COMPTYPE>
    </DD03P>
    <DD03P>
     <TABNAME>ZSD_STR_OPEN_ORDER_NEW</TABNAME>
     <FIELDNAME>CMFRE</FIELDNAME>
     <POSITION>0170</POSITION>
     <ROLLNAME>CMFRE</ROLLNAME>
     <ADMINFIELD>0</ADMINFIELD>
     <SHLPORIGIN>T</SHLPORIGIN>
     <COMPTYPE>E</COMPTYPE>
    </DD03P>
    <DD03P>
     <TABNAME>ZSD_STR_OPEN_ORDER_NEW</TABNAME>
     <FIELDNAME>KZWI5</FIELDNAME>
     <POSITION>0171</POSITION>
     <ROLLNAME>KZWI5</ROLLNAME>
     <ADMINFIELD>0</ADMINFIELD>
     <REFTABLE>ZSD_STR_OPEN_ORDER_NEW</REFTABLE>
     <REFFIELD>KZWI5_KEY</REFFIELD>
     <COMPTYPE>E</COMPTYPE>
    </DD03P>
    <DD03P>
     <TABNAME>ZSD_STR_OPEN_ORDER_NEW</TABNAME>
     <FIELDNAME>KZWI5_KEY</FIELDNAME>
     <POSITION>0172</POSITION>
     <ROLLNAME>WAERK</ROLLNAME>
     <ADMINFIELD>0</ADMINFIELD>
     <COMPTYPE>E</COMPTYPE>
    </DD03P>
    <DD03P>
     <TABNAME>ZSD_STR_OPEN_ORDER_NEW</TABNAME>
     <FIELDNAME>SO_CURR_RATE</FIELDNAME>
     <POSITION>0173</POSITION>
     <ROLLNAME>KURSK</ROLLNAME>
     <ADMINFIELD>0</ADMINFIELD>
     <COMPTYPE>E</COMPTYPE>
    </DD03P>
    <DD03P>
     <TABNAME>ZSD_STR_OPEN_ORDER_NEW</TABNAME>
     <FIELDNAME>LC_CURR_RATE</FIELDNAME>
     <POSITION>0174</POSITION>
     <ROLLNAME>KURSK</ROLLNAME>
     <ADMINFIELD>0</ADMINFIELD>
     <COMPTYPE>E</COMPTYPE>
    </DD03P>
    <DD03P>
     <TABNAME>ZSD_STR_OPEN_ORDER_NEW</TABNAME>
     <FIELDNAME>EXCDAT</FIELDNAME>
     <POSITION>0175</POSITION>
     <ROLLNAME>CMFRE</ROLLNAME>
     <ADMINFIELD>0</ADMINFIELD>
     <SHLPORIGIN>T</SHLPORIGIN>
     <COMPTYPE>E</COMPTYPE>
    </DD03P>
    <DD03P>
     <TABNAME>ZSD_STR_OPEN_ORDER_NEW</TABNAME>
     <FIELDNAME>DTYPE</FIELDNAME>
     <POSITION>0176</POSITION>
     <ROLLNAME>VBTYP</ROLLNAME>
     <ADMINFIELD>0</ADMINFIELD>
     <VALEXI>X</VALEXI>
     <SHLPORIGIN>F</SHLPORIGIN>
     <COMPTYPE>E</COMPTYPE>
    </DD03P>
    <DD03P>
     <TABNAME>ZSD_STR_OPEN_ORDER_NEW</TABNAME>
     <FIELDNAME>RATE</FIELDNAME>
     <POSITION>0177</POSITION>
     <ROLLNAME>KURSK</ROLLNAME>
     <ADMINFIELD>0</ADMINFIELD>
     <COMPTYPE>E</COMPTYPE>
    </DD03P>
    <DD03P>
     <TABNAME>ZSD_STR_OPEN_ORDER_NEW</TABNAME>
     <FIELDNAME>PRSDT</FIELDNAME>
     <POSITION>0178</POSITION>
     <ROLLNAME>PRSDT</ROLLNAME>
     <ADMINFIELD>0</ADMINFIELD>
     <SHLPORIGIN>T</SHLPORIGIN>
     <COMPTYPE>E</COMPTYPE>
    </DD03P>
    <DD03P>
     <TABNAME>ZSD_STR_OPEN_ORDER_NEW</TABNAME>
     <FIELDNAME>FACTORY_NETWR_LOCAL</FIELDNAME>
     <POSITION>0179</POSITION>
     <ROLLNAME>NETWR</ROLLNAME>
     <ADMINFIELD>0</ADMINFIELD>
     <REFTABLE>ZSD_STR_OPEN_ORDER_NEW</REFTABLE>
     <REFFIELD>FACTORY_NETWR_LOCAL_KEY</REFFIELD>
     <COMPTYPE>E</COMPTYPE>
    </DD03P>
    <DD03P>
     <TABNAME>ZSD_STR_OPEN_ORDER_NEW</TABNAME>
     <FIELDNAME>FACTORY_NETWR_LOCAL_KEY</FIELDNAME>
     <POSITION>0180</POSITION>
     <ROLLNAME>WAERK</ROLLNAME>
     <ADMINFIELD>0</ADMINFIELD>
     <COMPTYPE>E</COMPTYPE>
    </DD03P>
    <DD03P>
     <TABNAME>ZSD_STR_OPEN_ORDER_NEW</TABNAME>
     <FIELDNAME>GRATE</FIELDNAME>
     <POSITION>0181</POSITION>
     <ROLLNAME>KURSK</ROLLNAME>
     <ADMINFIELD>0</ADMINFIELD>
     <COMPTYPE>E</COMPTYPE>
    </DD03P>
    <DD03P>
     <TABNAME>ZSD_STR_OPEN_ORDER_NEW</TABNAME>
     <FIELDNAME>SORATE</FIELDNAME>
     <POSITION>0182</POSITION>
     <ROLLNAME>KURSK</ROLLNAME>
     <ADMINFIELD>0</ADMINFIELD>
     <COMPTYPE>E</COMPTYPE>
    </DD03P>
    <DD03P>
     <TABNAME>ZSD_STR_OPEN_ORDER_NEW</TABNAME>
     <FIELDNAME>FACTORY_NETWR_PLANT</FIELDNAME>
     <POSITION>0183</POSITION>
     <ROLLNAME>NETWR</ROLLNAME>
     <ADMINFIELD>0</ADMINFIELD>
     <REFTABLE>ZSD_STR_OPEN_ORDER_NEW</REFTABLE>
     <REFFIELD>FACTORY_NETWR_PLANT_KEY</REFFIELD>
     <COMPTYPE>E</COMPTYPE>
    </DD03P>
    <DD03P>
     <TABNAME>ZSD_STR_OPEN_ORDER_NEW</TABNAME>
     <FIELDNAME>FACTORY_NETWR_PLANT_KEY</FIELDNAME>
     <POSITION>0184</POSITION>
     <ROLLNAME>WAERK</ROLLNAME>
     <ADMINFIELD>0</ADMINFIELD>
     <COMPTYPE>E</COMPTYPE>
    </DD03P>
    <DD03P>
     <TABNAME>ZSD_STR_OPEN_ORDER_NEW</TABNAME>
     <FIELDNAME>NETWR_PLANT</FIELDNAME>
     <POSITION>0185</POSITION>
     <ROLLNAME>NETWR</ROLLNAME>
     <ADMINFIELD>0</ADMINFIELD>
     <REFTABLE>ZSD_STR_OPEN_ORDER_NEW</REFTABLE>
     <REFFIELD>NETWR_PLANT_KEY</REFFIELD>
     <COMPTYPE>E</COMPTYPE>
    </DD03P>
    <DD03P>
     <TABNAME>ZSD_STR_OPEN_ORDER_NEW</TABNAME>
     <FIELDNAME>NETWR_PLANT_KEY</FIELDNAME>
     <POSITION>0186</POSITION>
     <ROLLNAME>WAERK</ROLLNAME>
     <ADMINFIELD>0</ADMINFIELD>
     <COMPTYPE>E</COMPTYPE>
    </DD03P>
    <DD03P>
     <TABNAME>ZSD_STR_OPEN_ORDER_NEW</TABNAME>
     <FIELDNAME>CORP_NETWR_PLANT</FIELDNAME>
     <POSITION>0187</POSITION>
     <ROLLNAME>NETWR</ROLLNAME>
     <ADMINFIELD>0</ADMINFIELD>
     <REFTABLE>ZSD_STR_OPEN_ORDER_NEW</REFTABLE>
     <REFFIELD>CORP_NETWR_PLANT_KEY</REFFIELD>
     <COMPTYPE>E</COMPTYPE>
    </DD03P>
    <DD03P>
     <TABNAME>ZSD_STR_OPEN_ORDER_NEW</TABNAME>
     <FIELDNAME>CORP_NETWR_PLANT_KEY</FIELDNAME>
     <POSITION>0188</POSITION>
     <ROLLNAME>WAERK</ROLLNAME>
     <ADMINFIELD>0</ADMINFIELD>
     <COMPTYPE>E</COMPTYPE>
    </DD03P>
    <DD03P>
     <TABNAME>ZSD_STR_OPEN_ORDER_NEW</TABNAME>
     <FIELDNAME>CURSR</FIELDNAME>
     <POSITION>0189</POSITION>
     <ROLLNAME>CURSR</ROLLNAME>
     <ADMINFIELD>0</ADMINFIELD>
     <VALEXI>X</VALEXI>
     <SHLPORIGIN>F</SHLPORIGIN>
     <COMPTYPE>E</COMPTYPE>
    </DD03P>
    <DD03P>
     <TABNAME>ZSD_STR_OPEN_ORDER_NEW</TABNAME>
     <FIELDNAME>RFBSK</FIELDNAME>
     <POSITION>0190</POSITION>
     <ROLLNAME>RFBSK</ROLLNAME>
     <ADMINFIELD>0</ADMINFIELD>
     <VALEXI>X</VALEXI>
     <SHLPORIGIN>F</SHLPORIGIN>
     <COMPTYPE>E</COMPTYPE>
    </DD03P>
    <DD03P>
     <TABNAME>ZSD_STR_OPEN_ORDER_NEW</TABNAME>
     <FIELDNAME>RFBSKTEXT</FIELDNAME>
     <POSITION>0191</POSITION>
     <ROLLNAME>TEXT1</ROLLNAME>
     <ADMINFIELD>0</ADMINFIELD>
     <COMPTYPE>E</COMPTYPE>
    </DD03P>
    <DD03P>
     <TABNAME>ZSD_STR_OPEN_ORDER_NEW</TABNAME>
     <FIELDNAME>GROUP_CORP_NETWR</FIELDNAME>
     <POSITION>0192</POSITION>
     <ROLLNAME>NETWR</ROLLNAME>
     <ADMINFIELD>0</ADMINFIELD>
     <REFTABLE>ZSD_STR_OPEN_ORDER_NEW</REFTABLE>
     <REFFIELD>GCUR_GCORP</REFFIELD>
     <COMPTYPE>E</COMPTYPE>
    </DD03P>
    <DD03P>
     <TABNAME>ZSD_STR_OPEN_ORDER_NEW</TABNAME>
     <FIELDNAME>GCUR_GCORP</FIELDNAME>
     <POSITION>0193</POSITION>
     <ROLLNAME>HWAER</ROLLNAME>
     <ADMINFIELD>0</ADMINFIELD>
     <COMPTYPE>E</COMPTYPE>
    </DD03P>
    <DD03P>
     <TABNAME>ZSD_STR_OPEN_ORDER_NEW</TABNAME>
     <FIELDNAME>GROUP_FACT_NETWR_KEY</FIELDNAME>
     <POSITION>0194</POSITION>
     <ROLLNAME>HWAER</ROLLNAME>
     <ADMINFIELD>0</ADMINFIELD>
     <COMPTYPE>E</COMPTYPE>
    </DD03P>
    <DD03P>
     <TABNAME>ZSD_STR_OPEN_ORDER_NEW</TABNAME>
     <FIELDNAME>GROUP_FACT_NETWR</FIELDNAME>
     <POSITION>0195</POSITION>
     <ROLLNAME>NETWR</ROLLNAME>
     <ADMINFIELD>0</ADMINFIELD>
     <REFTABLE>ZSD_STR_OPEN_ORDER_NEW</REFTABLE>
     <REFFIELD>GROUP_FACT_NETWR_KEY</REFFIELD>
     <COMPTYPE>E</COMPTYPE>
    </DD03P>
    <DD03P>
     <TABNAME>ZSD_STR_OPEN_ORDER_NEW</TABNAME>
     <FIELDNAME>CORP_NETWR</FIELDNAME>
     <POSITION>0196</POSITION>
     <ROLLNAME>NETWR</ROLLNAME>
     <ADMINFIELD>0</ADMINFIELD>
     <REFTABLE>ZSD_STR_OPEN_ORDER_NEW</REFTABLE>
     <REFFIELD>WAERK_CORP_NETWR</REFFIELD>
     <COMPTYPE>E</COMPTYPE>
    </DD03P>
    <DD03P>
     <TABNAME>ZSD_STR_OPEN_ORDER_NEW</TABNAME>
     <FIELDNAME>WAERK_CORP_NETWR</FIELDNAME>
     <POSITION>0197</POSITION>
     <ROLLNAME>HWAER</ROLLNAME>
     <ADMINFIELD>0</ADMINFIELD>
     <COMPTYPE>E</COMPTYPE>
    </DD03P>
    <DD03P>
     <TABNAME>ZSD_STR_OPEN_ORDER_NEW</TABNAME>
     <FIELDNAME>KZWI6</FIELDNAME>
     <POSITION>0198</POSITION>
     <ROLLNAME>ZSD_GRAND_TOTAL</ROLLNAME>
     <ADMINFIELD>0</ADMINFIELD>
     <REFTABLE>ZSD_STR_OPEN_ORDER_NEW</REFTABLE>
     <REFFIELD>KZWI6_KEY</REFFIELD>
     <COMPTYPE>E</COMPTYPE>
    </DD03P>
    <DD03P>
     <TABNAME>ZSD_STR_OPEN_ORDER_NEW</TABNAME>
     <FIELDNAME>KZWI6_KEY</FIELDNAME>
     <POSITION>0199</POSITION>
     <ROLLNAME>WAERK</ROLLNAME>
     <ADMINFIELD>0</ADMINFIELD>
     <COMPTYPE>E</COMPTYPE>
    </DD03P>
    <DD03P>
     <TABNAME>ZSD_STR_OPEN_ORDER_NEW</TABNAME>
     <FIELDNAME>COMMISSION_BETR</FIELDNAME>
     <POSITION>0200</POSITION>
     <ROLLNAME>KWERT</ROLLNAME>
     <ADMINFIELD>0</ADMINFIELD>
     <REFTABLE>ZSD_STR_OPEN_ORDER_NEW</REFTABLE>
     <REFFIELD>COMMISSION_CURR</REFFIELD>
     <COMPTYPE>E</COMPTYPE>
    </DD03P>
    <DD03P>
     <TABNAME>ZSD_STR_OPEN_ORDER_NEW</TABNAME>
     <FIELDNAME>COMMISSION_CURR</FIELDNAME>
     <POSITION>0201</POSITION>
     <ROLLNAME>WAERS</ROLLNAME>
     <ADMINFIELD>0</ADMINFIELD>
     <COMPTYPE>E</COMPTYPE>
    </DD03P>
    <DD03P>
     <TABNAME>ZSD_STR_OPEN_ORDER_NEW</TABNAME>
     <FIELDNAME>REF_DOC_PKG</FIELDNAME>
     <POSITION>0202</POSITION>
     <ROLLNAME>ZSD_DOC_NUM_PKG_CONTR</ROLLNAME>
     <ADMINFIELD>0</ADMINFIELD>
     <COMPTYPE>E</COMPTYPE>
    </DD03P>
    <DD03P>
     <TABNAME>ZSD_STR_OPEN_ORDER_NEW</TABNAME>
     <FIELDNAME>REF_ITM_PKG</FIELDNAME>
     <POSITION>0203</POSITION>
     <ROLLNAME>ZSD_DOC_ITM_PKG_CONTR</ROLLNAME>
     <ADMINFIELD>0</ADMINFIELD>
     <COMPTYPE>E</COMPTYPE>
    </DD03P>
    <DD03P>
     <TABNAME>ZSD_STR_OPEN_ORDER_NEW</TABNAME>
     <FIELDNAME>SCHEDULE_ITEM</FIELDNAME>
     <POSITION>0204</POSITION>
     <ROLLNAME>ZSD_SCHEDULE</ROLLNAME>
     <ADMINFIELD>0</ADMINFIELD>
     <VALEXI>X</VALEXI>
     <SHLPORIGIN>F</SHLPORIGIN>
     <COMPTYPE>E</COMPTYPE>
    </DD03P>
    <DD03P>
     <TABNAME>ZSD_STR_OPEN_ORDER_NEW</TABNAME>
     <FIELDNAME>KALSM</FIELDNAME>
     <POSITION>0205</POSITION>
     <ROLLNAME>KALSMASD</ROLLNAME>
     <ADMINFIELD>0</ADMINFIELD>
     <COMPTYPE>E</COMPTYPE>
    </DD03P>
    <DD03P>
     <TABNAME>ZSD_STR_OPEN_ORDER_NEW</TABNAME>
     <FIELDNAME>ZZWI9</FIELDNAME>
     <POSITION>0206</POSITION>
     <ROLLNAME>ZSD_NET_VALUE</ROLLNAME>
     <ADMINFIELD>0</ADMINFIELD>
     <REFTABLE>ZSD_STR_OPEN_ORDER_NEW</REFTABLE>
     <REFFIELD>WAERK</REFFIELD>
     <COMPTYPE>E</COMPTYPE>
    </DD03P>
   </DD03P_TABLE>
  </asx:values>
 </asx:abap>
</abapGit>
