﻿<?xml version="1.0" encoding="utf-8"?>
<abapGit version="v1.0.0" serializer="LCL_OBJECT_DOMA" serializer_version="v1.0.0">
 <asx:abap xmlns:asx="http://www.sap.com/abapxml" version="1.0">
  <asx:values>
   <DD01V>
    <DOMNAME>ZSD_KIND_REPORT</DOMNAME>
    <DDLANGUAGE>E</DDLANGUAGE>
    <DATATYPE>CHAR</DATATYPE>
    <LENG>000010</LENG>
    <OUTPUTLEN>000010</OUTPUTLEN>
    <VALEXI>X</VALEXI>
    <DDTEXT>Kind of a report</DDTEXT>
   </DD01V>
   <DD07V_TAB>
    <DD07V>
     <DOMNAME>ZSD_KIND_REPORT</DOMNAME>
     <VALPOS>0001</VALPOS>
     <DDLANGUAGE>E</DDLANGUAGE>
     <DOMVALUE_L>ZOOR</DOMVALUE_L>
     <DDTEXT>Open Orders</DDTEXT>
    </DD07V>
    <DD07V>
     <DOMNAME>ZSD_KIND_REPORT</DOMNAME>
     <VALPOS>0002</VALPOS>
     <DDLANGUAGE>E</DDLANGUAGE>
     <DOMVALUE_L>SHIPMENT</DOMVALUE_L>
     <DDTEXT>Shipment</DDTEXT>
    </DD07V>
   </DD07V_TAB>
   <I18N_LANGS>
    <LANGU>1</LANGU>
    <LANGU>2</LANGU>
    <LANGU>3</LANGU>
    <LANGU>D</LANGU>
    <LANGU>F</LANGU>
    <LANGU>I</LANGU>
    <LANGU>J</LANGU>
    <LANGU>L</LANGU>
    <LANGU>N</LANGU>
    <LANGU>P</LANGU>
    <LANGU>R</LANGU>
    <LANGU>S</LANGU>
    <LANGU>V</LANGU>
   </I18N_LANGS>
   <DD01_TEXTS>
    <item>
     <DDLANGUAGE>1</DDLANGUAGE>
     <DDTEXT>Kind of a report</DDTEXT>
    </item>
    <item>
     <DDLANGUAGE>2</DDLANGUAGE>
     <DDTEXT>Kind of a report</DDTEXT>
    </item>
    <item>
     <DDLANGUAGE>3</DDLANGUAGE>
     <DDTEXT>Kind of a report</DDTEXT>
    </item>
    <item>
     <DDLANGUAGE>D</DDLANGUAGE>
     <DDTEXT>Kind of a report</DDTEXT>
    </item>
    <item>
     <DDLANGUAGE>F</DDLANGUAGE>
     <DDTEXT>Kind of a report</DDTEXT>
    </item>
    <item>
     <DDLANGUAGE>I</DDLANGUAGE>
     <DDTEXT>Kind of a report</DDTEXT>
    </item>
    <item>
     <DDLANGUAGE>J</DDLANGUAGE>
     <DDTEXT>Kind of a report</DDTEXT>
    </item>
    <item>
     <DDLANGUAGE>L</DDLANGUAGE>
     <DDTEXT>Kind of a report</DDTEXT>
    </item>
    <item>
     <DDLANGUAGE>N</DDLANGUAGE>
     <DDTEXT>Kind of a report</DDTEXT>
    </item>
    <item>
     <DDLANGUAGE>P</DDLANGUAGE>
     <DDTEXT>Kind of a report</DDTEXT>
    </item>
    <item>
     <DDLANGUAGE>R</DDLANGUAGE>
     <DDTEXT>Kind of a report</DDTEXT>
    </item>
    <item>
     <DDLANGUAGE>S</DDLANGUAGE>
     <DDTEXT>Kind of a report</DDTEXT>
    </item>
    <item>
     <DDLANGUAGE>V</DDLANGUAGE>
     <DDTEXT>Kind of a report</DDTEXT>
    </item>
   </DD01_TEXTS>
   <DD07_TEXTS>
    <item>
     <VALPOS>0001</VALPOS>
     <DDLANGUAGE>1</DDLANGUAGE>
     <DOMVALUE_L>ZOOR</DOMVALUE_L>
     <DDTEXT>Open Orders</DDTEXT>
    </item>
    <item>
     <VALPOS>0001</VALPOS>
     <DDLANGUAGE>2</DDLANGUAGE>
     <DOMVALUE_L>ZOOR</DOMVALUE_L>
     <DDTEXT>Open Orders</DDTEXT>
    </item>
    <item>
     <VALPOS>0001</VALPOS>
     <DDLANGUAGE>3</DDLANGUAGE>
     <DOMVALUE_L>ZOOR</DOMVALUE_L>
     <DDTEXT>Open Orders</DDTEXT>
    </item>
    <item>
     <VALPOS>0001</VALPOS>
     <DDLANGUAGE>D</DDLANGUAGE>
     <DOMVALUE_L>ZOOR</DOMVALUE_L>
     <DDTEXT>Open Orders</DDTEXT>
    </item>
    <item>
     <VALPOS>0001</VALPOS>
     <DDLANGUAGE>F</DDLANGUAGE>
     <DOMVALUE_L>ZOOR</DOMVALUE_L>
     <DDTEXT>Open Orders</DDTEXT>
    </item>
    <item>
     <VALPOS>0001</VALPOS>
     <DDLANGUAGE>I</DDLANGUAGE>
     <DOMVALUE_L>ZOOR</DOMVALUE_L>
     <DDTEXT>Open Orders</DDTEXT>
    </item>
    <item>
     <VALPOS>0001</VALPOS>
     <DDLANGUAGE>J</DDLANGUAGE>
     <DOMVALUE_L>ZOOR</DOMVALUE_L>
     <DDTEXT>Open Orders</DDTEXT>
    </item>
    <item>
     <VALPOS>0001</VALPOS>
     <DDLANGUAGE>L</DDLANGUAGE>
     <DOMVALUE_L>ZOOR</DOMVALUE_L>
     <DDTEXT>Open Orders</DDTEXT>
    </item>
    <item>
     <VALPOS>0001</VALPOS>
     <DDLANGUAGE>N</DDLANGUAGE>
     <DOMVALUE_L>ZOOR</DOMVALUE_L>
     <DDTEXT>Open Orders</DDTEXT>
    </item>
    <item>
     <VALPOS>0001</VALPOS>
     <DDLANGUAGE>P</DDLANGUAGE>
     <DOMVALUE_L>ZOOR</DOMVALUE_L>
     <DDTEXT>Open Orders</DDTEXT>
    </item>
    <item>
     <VALPOS>0001</VALPOS>
     <DDLANGUAGE>R</DDLANGUAGE>
     <DOMVALUE_L>ZOOR</DOMVALUE_L>
     <DDTEXT>Open Orders</DDTEXT>
    </item>
    <item>
     <VALPOS>0001</VALPOS>
     <DDLANGUAGE>S</DDLANGUAGE>
     <DOMVALUE_L>ZOOR</DOMVALUE_L>
     <DDTEXT>Open Orders</DDTEXT>
    </item>
    <item>
     <VALPOS>0001</VALPOS>
     <DDLANGUAGE>V</DDLANGUAGE>
     <DOMVALUE_L>ZOOR</DOMVALUE_L>
     <DDTEXT>Open Orders</DDTEXT>
    </item>
    <item>
     <VALPOS>0002</VALPOS>
     <DDLANGUAGE>1</DDLANGUAGE>
     <DOMVALUE_L>SHIPMENT</DOMVALUE_L>
     <DDTEXT>Shipment</DDTEXT>
    </item>
    <item>
     <VALPOS>0002</VALPOS>
     <DDLANGUAGE>2</DDLANGUAGE>
     <DOMVALUE_L>SHIPMENT</DOMVALUE_L>
     <DDTEXT>Shipment</DDTEXT>
    </item>
    <item>
     <VALPOS>0002</VALPOS>
     <DDLANGUAGE>3</DDLANGUAGE>
     <DOMVALUE_L>SHIPMENT</DOMVALUE_L>
     <DDTEXT>Shipment</DDTEXT>
    </item>
    <item>
     <VALPOS>0002</VALPOS>
     <DDLANGUAGE>D</DDLANGUAGE>
     <DOMVALUE_L>SHIPMENT</DOMVALUE_L>
     <DDTEXT>Shipment</DDTEXT>
    </item>
    <item>
     <VALPOS>0002</VALPOS>
     <DDLANGUAGE>F</DDLANGUAGE>
     <DOMVALUE_L>SHIPMENT</DOMVALUE_L>
     <DDTEXT>Shipment</DDTEXT>
    </item>
    <item>
     <VALPOS>0002</VALPOS>
     <DDLANGUAGE>I</DDLANGUAGE>
     <DOMVALUE_L>SHIPMENT</DOMVALUE_L>
     <DDTEXT>Shipment</DDTEXT>
    </item>
    <item>
     <VALPOS>0002</VALPOS>
     <DDLANGUAGE>J</DDLANGUAGE>
     <DOMVALUE_L>SHIPMENT</DOMVALUE_L>
     <DDTEXT>Shipment</DDTEXT>
    </item>
    <item>
     <VALPOS>0002</VALPOS>
     <DDLANGUAGE>L</DDLANGUAGE>
     <DOMVALUE_L>SHIPMENT</DOMVALUE_L>
     <DDTEXT>Shipment</DDTEXT>
    </item>
    <item>
     <VALPOS>0002</VALPOS>
     <DDLANGUAGE>N</DDLANGUAGE>
     <DOMVALUE_L>SHIPMENT</DOMVALUE_L>
     <DDTEXT>Shipment</DDTEXT>
    </item>
    <item>
     <VALPOS>0002</VALPOS>
     <DDLANGUAGE>P</DDLANGUAGE>
     <DOMVALUE_L>SHIPMENT</DOMVALUE_L>
     <DDTEXT>Shipment</DDTEXT>
    </item>
    <item>
     <VALPOS>0002</VALPOS>
     <DDLANGUAGE>R</DDLANGUAGE>
     <DOMVALUE_L>SHIPMENT</DOMVALUE_L>
     <DDTEXT>Shipment</DDTEXT>
    </item>
    <item>
     <VALPOS>0002</VALPOS>
     <DDLANGUAGE>S</DDLANGUAGE>
     <DOMVALUE_L>SHIPMENT</DOMVALUE_L>
     <DDTEXT>Shipment</DDTEXT>
    </item>
    <item>
     <VALPOS>0002</VALPOS>
     <DDLANGUAGE>V</DDLANGUAGE>
     <DOMVALUE_L>SHIPMENT</DOMVALUE_L>
     <DDTEXT>Shipment</DDTEXT>
    </item>
   </DD07_TEXTS>
  </asx:values>
 </asx:abap>
</abapGit>
