﻿<?xml version="1.0" encoding="utf-8"?>
<abapGit version="v1.0.0" serializer="LCL_OBJECT_TTYP" serializer_version="v1.0.0">
 <asx:abap xmlns:asx="http://www.sap.com/abapxml" version="1.0">
  <asx:values>
   <DD40V>
    <TYPENAME>ZSD_TAB_VBKD</TYPENAME>
    <DDLANGUAGE>E</DDLANGUAGE>
    <ROWTYPE>VBKD</ROWTYPE>
    <ROWKIND>S</ROWKIND>
    <DATATYPE>STRU</DATATYPE>
    <ACCESSMODE>H</ACCESSMODE>
    <KEYDEF>K</KEYDEF>
    <KEYKIND>U</KEYKIND>
    <KEYFDCOUNT>0005</KEYFDCOUNT>
    <GENERIC>X</GENERIC>
    <DDTEXT>Sales Document: Business Data</DDTEXT>
    <FURTHERSECKEY>W</FURTHERSECKEY>
   </DD40V>
   <DD42V>
    <DD42V>
     <TYPENAME>ZSD_TAB_VBKD</TYPENAME>
     <KEYFDPOS>0001</KEYFDPOS>
     <ROWTYPEPOS>0001</ROWTYPEPOS>
     <KEYFIELD>MANDT</KEYFIELD>
    </DD42V>
    <DD42V>
     <TYPENAME>ZSD_TAB_VBKD</TYPENAME>
     <SECKEYNAME>DOCUMENT_KEY</SECKEYNAME>
     <KEYFDPOS>0001</KEYFDPOS>
     <ROWTYPEPOS>0001</ROWTYPEPOS>
     <KEYFIELD>MANDT</KEYFIELD>
    </DD42V>
    <DD42V>
     <TYPENAME>ZSD_TAB_VBKD</TYPENAME>
     <KEYFDPOS>0002</KEYFDPOS>
     <ROWTYPEPOS>0002</ROWTYPEPOS>
     <KEYFIELD>VBELN</KEYFIELD>
    </DD42V>
    <DD42V>
     <TYPENAME>ZSD_TAB_VBKD</TYPENAME>
     <SECKEYNAME>DOCUMENT_KEY</SECKEYNAME>
     <KEYFDPOS>0002</KEYFDPOS>
     <ROWTYPEPOS>0002</ROWTYPEPOS>
     <KEYFIELD>VBELN</KEYFIELD>
    </DD42V>
    <DD42V>
     <TYPENAME>ZSD_TAB_VBKD</TYPENAME>
     <KEYFDPOS>0003</KEYFDPOS>
     <ROWTYPEPOS>0003</ROWTYPEPOS>
     <KEYFIELD>POSNR</KEYFIELD>
    </DD42V>
   </DD42V>
   <DD43V>
    <DD43V>
     <TYPENAME>ZSD_TAB_VBKD</TYPENAME>
     <SECKEYNAME>DOCUMENT_KEY</SECKEYNAME>
     <DDLANGUAGE>E</DDLANGUAGE>
     <ACCESSMODE>S</ACCESSMODE>
     <KIND>K</KIND>
     <KEYDESCRIPTION>MANDT, VBELN</KEYDESCRIPTION>
    </DD43V>
   </DD43V>
  </asx:values>
 </asx:abap>
</abapGit>
