﻿<?xml version="1.0" encoding="utf-8"?>
<abapGit version="v1.0.0" serializer="LCL_OBJECT_INTF" serializer_version="v1.0.0">
 <asx:abap xmlns:asx="http://www.sap.com/abapxml" version="1.0">
  <asx:values>
   <VSEOINTERF>
    <CLSNAME>ZSD_IF_SELECTION_PARAMETER</CLSNAME>
    <VERSION>1</VERSION>
    <LANGU>E</LANGU>
    <DESCRIPT>Selection Parameter</DESCRIPT>
    <EXPOSURE>2</EXPOSURE>
    <STATE>1</STATE>
    <UNICODE>X</UNICODE>
   </VSEOINTERF>
   <DESCRIPTIONS>
    <SEOCOMPOTX>
     <CLSNAME>ZSD_IF_SELECTION_PARAMETER</CLSNAME>
     <CMPNAME>ADD_PARAM</CMPNAME>
     <LANGU>1</LANGU>
     <DESCRIPT>Add Parameter</DESCRIPT>
    </SEOCOMPOTX>
    <SEOCOMPOTX>
     <CLSNAME>ZSD_IF_SELECTION_PARAMETER</CLSNAME>
     <CMPNAME>ADD_PARAM</CMPNAME>
     <LANGU>2</LANGU>
     <DESCRIPT>Add Parameter</DESCRIPT>
    </SEOCOMPOTX>
    <SEOCOMPOTX>
     <CLSNAME>ZSD_IF_SELECTION_PARAMETER</CLSNAME>
     <CMPNAME>ADD_PARAM</CMPNAME>
     <LANGU>3</LANGU>
     <DESCRIPT>Add Parameter</DESCRIPT>
    </SEOCOMPOTX>
    <SEOCOMPOTX>
     <CLSNAME>ZSD_IF_SELECTION_PARAMETER</CLSNAME>
     <CMPNAME>ADD_PARAM</CMPNAME>
     <LANGU>D</LANGU>
     <DESCRIPT>Add Parameter</DESCRIPT>
    </SEOCOMPOTX>
    <SEOCOMPOTX>
     <CLSNAME>ZSD_IF_SELECTION_PARAMETER</CLSNAME>
     <CMPNAME>ADD_PARAM</CMPNAME>
     <LANGU>E</LANGU>
     <DESCRIPT>Add Parameter</DESCRIPT>
    </SEOCOMPOTX>
    <SEOCOMPOTX>
     <CLSNAME>ZSD_IF_SELECTION_PARAMETER</CLSNAME>
     <CMPNAME>ADD_PARAM</CMPNAME>
     <LANGU>F</LANGU>
     <DESCRIPT>Add Parameter</DESCRIPT>
    </SEOCOMPOTX>
    <SEOCOMPOTX>
     <CLSNAME>ZSD_IF_SELECTION_PARAMETER</CLSNAME>
     <CMPNAME>ADD_PARAM</CMPNAME>
     <LANGU>I</LANGU>
     <DESCRIPT>Add Parameter</DESCRIPT>
    </SEOCOMPOTX>
    <SEOCOMPOTX>
     <CLSNAME>ZSD_IF_SELECTION_PARAMETER</CLSNAME>
     <CMPNAME>ADD_PARAM</CMPNAME>
     <LANGU>J</LANGU>
     <DESCRIPT>Add Parameter</DESCRIPT>
    </SEOCOMPOTX>
    <SEOCOMPOTX>
     <CLSNAME>ZSD_IF_SELECTION_PARAMETER</CLSNAME>
     <CMPNAME>ADD_PARAM</CMPNAME>
     <LANGU>L</LANGU>
     <DESCRIPT>Add Parameter</DESCRIPT>
    </SEOCOMPOTX>
    <SEOCOMPOTX>
     <CLSNAME>ZSD_IF_SELECTION_PARAMETER</CLSNAME>
     <CMPNAME>ADD_PARAM</CMPNAME>
     <LANGU>N</LANGU>
     <DESCRIPT>Add Parameter</DESCRIPT>
    </SEOCOMPOTX>
    <SEOCOMPOTX>
     <CLSNAME>ZSD_IF_SELECTION_PARAMETER</CLSNAME>
     <CMPNAME>ADD_PARAM</CMPNAME>
     <LANGU>P</LANGU>
     <DESCRIPT>Add Parameter</DESCRIPT>
    </SEOCOMPOTX>
    <SEOCOMPOTX>
     <CLSNAME>ZSD_IF_SELECTION_PARAMETER</CLSNAME>
     <CMPNAME>ADD_PARAM</CMPNAME>
     <LANGU>R</LANGU>
     <DESCRIPT>Add Parameter</DESCRIPT>
    </SEOCOMPOTX>
    <SEOCOMPOTX>
     <CLSNAME>ZSD_IF_SELECTION_PARAMETER</CLSNAME>
     <CMPNAME>ADD_PARAM</CMPNAME>
     <LANGU>S</LANGU>
     <DESCRIPT>Add Parameter</DESCRIPT>
    </SEOCOMPOTX>
    <SEOCOMPOTX>
     <CLSNAME>ZSD_IF_SELECTION_PARAMETER</CLSNAME>
     <CMPNAME>ADD_PARAM</CMPNAME>
     <LANGU>V</LANGU>
     <DESCRIPT>Add Parameter</DESCRIPT>
    </SEOCOMPOTX>
   </DESCRIPTIONS>
  </asx:values>
 </asx:abap>
</abapGit>
