﻿<?xml version="1.0" encoding="utf-8"?>
<abapGit version="v1.0.0" serializer="LCL_OBJECT_PROG" serializer_version="v1.0.0">
 <asx:abap xmlns:asx="http://www.sap.com/abapxml" version="1.0">
  <asx:values>
   <PROGDIR>
    <NAME>ZSD_OPEN_ORDER_GLOBALS</NAME>
    <STATE>A</STATE>
    <VARCL>X</VARCL>
    <DBAPL>S</DBAPL>
    <DBNA>D$</DBNA>
    <SUBC>I</SUBC>
    <FIXPT>X</FIXPT>
    <LDBNAME>D$S</LDBNAME>
    <UCCHECK>X</UCCHECK>
   </PROGDIR>
   <TPOOL>
    <item>
     <ID>R</ID>
     <ENTRY>ZSD_OPEN_ORDER_GLOBALS</ENTRY>
     <LENGTH>22</LENGTH>
    </item>
   </TPOOL>
   <I18N_TPOOL>
    <item>
     <LANGUAGE>1</LANGUAGE>
     <TEXTPOOL>
      <item>
       <ID>R</ID>
       <ENTRY>ZSD_OPEN_ORDER_GLOBALS</ENTRY>
       <LENGTH>70</LENGTH>
      </item>
     </TEXTPOOL>
    </item>
    <item>
     <LANGUAGE>2</LANGUAGE>
     <TEXTPOOL>
      <item>
       <ID>R</ID>
       <ENTRY>ZSD_OPEN_ORDER_GLOBALS</ENTRY>
       <LENGTH>70</LENGTH>
      </item>
     </TEXTPOOL>
    </item>
    <item>
     <LANGUAGE>3</LANGUAGE>
     <TEXTPOOL>
      <item>
       <ID>R</ID>
       <ENTRY>ZSD_OPEN_ORDER_GLOBALS</ENTRY>
       <LENGTH>70</LENGTH>
      </item>
     </TEXTPOOL>
    </item>
    <item>
     <LANGUAGE>D</LANGUAGE>
     <TEXTPOOL>
      <item>
       <ID>R</ID>
       <ENTRY>ZSD_OPEN_ORDER_GLOBALS</ENTRY>
       <LENGTH>70</LENGTH>
      </item>
     </TEXTPOOL>
    </item>
    <item>
     <LANGUAGE>F</LANGUAGE>
     <TEXTPOOL>
      <item>
       <ID>R</ID>
       <ENTRY>ZSD_OPEN_ORDER_GLOBALS</ENTRY>
       <LENGTH>70</LENGTH>
      </item>
     </TEXTPOOL>
    </item>
    <item>
     <LANGUAGE>I</LANGUAGE>
     <TEXTPOOL>
      <item>
       <ID>R</ID>
       <ENTRY>ZSD_OPEN_ORDER_GLOBALS</ENTRY>
       <LENGTH>70</LENGTH>
      </item>
     </TEXTPOOL>
    </item>
    <item>
     <LANGUAGE>J</LANGUAGE>
     <TEXTPOOL>
      <item>
       <ID>R</ID>
       <ENTRY>ZSD_OPEN_ORDER_GLOBALS</ENTRY>
       <LENGTH>70</LENGTH>
      </item>
     </TEXTPOOL>
    </item>
    <item>
     <LANGUAGE>L</LANGUAGE>
     <TEXTPOOL>
      <item>
       <ID>R</ID>
       <ENTRY>ZSD_OPEN_ORDER_GLOBALS</ENTRY>
       <LENGTH>70</LENGTH>
      </item>
     </TEXTPOOL>
    </item>
    <item>
     <LANGUAGE>N</LANGUAGE>
     <TEXTPOOL>
      <item>
       <ID>R</ID>
       <ENTRY>ZSD_OPEN_ORDER_GLOBALS</ENTRY>
       <LENGTH>70</LENGTH>
      </item>
     </TEXTPOOL>
    </item>
    <item>
     <LANGUAGE>P</LANGUAGE>
     <TEXTPOOL>
      <item>
       <ID>R</ID>
       <ENTRY>ZSD_OPEN_ORDER_GLOBALS</ENTRY>
       <LENGTH>70</LENGTH>
      </item>
     </TEXTPOOL>
    </item>
    <item>
     <LANGUAGE>R</LANGUAGE>
     <TEXTPOOL>
      <item>
       <ID>R</ID>
       <ENTRY>ZSD_OPEN_ORDER_GLOBALS</ENTRY>
       <LENGTH>70</LENGTH>
      </item>
     </TEXTPOOL>
    </item>
    <item>
     <LANGUAGE>S</LANGUAGE>
     <TEXTPOOL>
      <item>
       <ID>R</ID>
       <ENTRY>ZSD_OPEN_ORDER_GLOBALS</ENTRY>
       <LENGTH>70</LENGTH>
      </item>
     </TEXTPOOL>
    </item>
    <item>
     <LANGUAGE>V</LANGUAGE>
     <TEXTPOOL>
      <item>
       <ID>R</ID>
       <ENTRY>ZSD_OPEN_ORDER_GLOBALS</ENTRY>
       <LENGTH>70</LENGTH>
      </item>
     </TEXTPOOL>
    </item>
   </I18N_TPOOL>
  </asx:values>
 </asx:abap>
</abapGit>
