﻿<?xml version="1.0" encoding="utf-8"?>
<abapGit version="v1.0.0" serializer="LCL_OBJECT_DTEL" serializer_version="v1.0.0">
 <asx:abap xmlns:asx="http://www.sap.com/abapxml" version="1.0">
  <asx:values>
   <DD04V>
    <ROLLNAME>ZSD_SCHEDULE</ROLLNAME>
    <DDLANGUAGE>E</DDLANGUAGE>
    <DOMNAME>ZSD_SCHEDULE</DOMNAME>
    <HEADLEN>55</HEADLEN>
    <SCRLEN1>10</SCRLEN1>
    <SCRLEN2>20</SCRLEN2>
    <SCRLEN3>40</SCRLEN3>
    <DDTEXT>Schedule</DDTEXT>
    <REPTEXT>Schedule</REPTEXT>
    <SCRTEXT_S>Schedule</SCRTEXT_S>
    <SCRTEXT_M>Schedule</SCRTEXT_M>
    <SCRTEXT_L>Schedule</SCRTEXT_L>
    <DTELMASTER>E</DTELMASTER>
    <REFKIND>D</REFKIND>
   </DD04V>
   <I18N_LANGS>
    <LANGU>1</LANGU>
    <LANGU>2</LANGU>
    <LANGU>3</LANGU>
    <LANGU>D</LANGU>
    <LANGU>F</LANGU>
    <LANGU>I</LANGU>
    <LANGU>J</LANGU>
    <LANGU>L</LANGU>
    <LANGU>N</LANGU>
    <LANGU>P</LANGU>
    <LANGU>R</LANGU>
    <LANGU>S</LANGU>
    <LANGU>V</LANGU>
   </I18N_LANGS>
   <DD04_TEXTS>
    <item>
     <DDLANGUAGE>1</DDLANGUAGE>
     <DDTEXT>Schedule</DDTEXT>
     <REPTEXT>Schedule</REPTEXT>
     <SCRTEXT_S>Schedule</SCRTEXT_S>
     <SCRTEXT_M>Schedule</SCRTEXT_M>
     <SCRTEXT_L>Schedule</SCRTEXT_L>
    </item>
    <item>
     <DDLANGUAGE>2</DDLANGUAGE>
     <DDTEXT>Schedule</DDTEXT>
     <REPTEXT>Schedule</REPTEXT>
     <SCRTEXT_S>Schedule</SCRTEXT_S>
     <SCRTEXT_M>Schedule</SCRTEXT_M>
     <SCRTEXT_L>Schedule</SCRTEXT_L>
    </item>
    <item>
     <DDLANGUAGE>3</DDLANGUAGE>
     <DDTEXT>Schedule</DDTEXT>
     <REPTEXT>Schedule</REPTEXT>
     <SCRTEXT_S>Schedule</SCRTEXT_S>
     <SCRTEXT_M>Schedule</SCRTEXT_M>
     <SCRTEXT_L>Schedule</SCRTEXT_L>
    </item>
    <item>
     <DDLANGUAGE>D</DDLANGUAGE>
     <DDTEXT>Terminplan</DDTEXT>
     <REPTEXT>Terminplan</REPTEXT>
     <SCRTEXT_S>Terminplan</SCRTEXT_S>
     <SCRTEXT_M>Terminplan</SCRTEXT_M>
     <SCRTEXT_L>Terminplan</SCRTEXT_L>
    </item>
    <item>
     <DDLANGUAGE>F</DDLANGUAGE>
     <DDTEXT>Schedule</DDTEXT>
     <REPTEXT>Schedule</REPTEXT>
     <SCRTEXT_S>Schedule</SCRTEXT_S>
     <SCRTEXT_M>Schedule</SCRTEXT_M>
     <SCRTEXT_L>Schedule</SCRTEXT_L>
    </item>
    <item>
     <DDLANGUAGE>I</DDLANGUAGE>
     <DDTEXT>Schedule</DDTEXT>
     <REPTEXT>Schedule</REPTEXT>
     <SCRTEXT_S>Schedule</SCRTEXT_S>
     <SCRTEXT_M>Schedule</SCRTEXT_M>
     <SCRTEXT_L>Schedule</SCRTEXT_L>
    </item>
    <item>
     <DDLANGUAGE>J</DDLANGUAGE>
     <DDTEXT>Schedule</DDTEXT>
     <REPTEXT>Schedule</REPTEXT>
     <SCRTEXT_S>Schedule</SCRTEXT_S>
     <SCRTEXT_M>Schedule</SCRTEXT_M>
     <SCRTEXT_L>Schedule</SCRTEXT_L>
    </item>
    <item>
     <DDLANGUAGE>L</DDLANGUAGE>
     <DDTEXT>Schedule</DDTEXT>
     <REPTEXT>Schedule</REPTEXT>
     <SCRTEXT_S>Schedule</SCRTEXT_S>
     <SCRTEXT_M>Schedule</SCRTEXT_M>
     <SCRTEXT_L>Schedule</SCRTEXT_L>
    </item>
    <item>
     <DDLANGUAGE>N</DDLANGUAGE>
     <DDTEXT>Schedule</DDTEXT>
     <REPTEXT>Schedule</REPTEXT>
     <SCRTEXT_S>Schedule</SCRTEXT_S>
     <SCRTEXT_M>Schedule</SCRTEXT_M>
     <SCRTEXT_L>Schedule</SCRTEXT_L>
    </item>
    <item>
     <DDLANGUAGE>P</DDLANGUAGE>
     <DDTEXT>Schedule</DDTEXT>
     <REPTEXT>Schedule</REPTEXT>
     <SCRTEXT_S>Schedule</SCRTEXT_S>
     <SCRTEXT_M>Schedule</SCRTEXT_M>
     <SCRTEXT_L>Schedule</SCRTEXT_L>
    </item>
    <item>
     <DDLANGUAGE>R</DDLANGUAGE>
     <DDTEXT>Schedule</DDTEXT>
     <REPTEXT>Schedule</REPTEXT>
     <SCRTEXT_S>Schedule</SCRTEXT_S>
     <SCRTEXT_M>Schedule</SCRTEXT_M>
     <SCRTEXT_L>Schedule</SCRTEXT_L>
    </item>
    <item>
     <DDLANGUAGE>S</DDLANGUAGE>
     <DDTEXT>Schedule</DDTEXT>
     <REPTEXT>Schedule</REPTEXT>
     <SCRTEXT_S>Schedule</SCRTEXT_S>
     <SCRTEXT_M>Schedule</SCRTEXT_M>
     <SCRTEXT_L>Schedule</SCRTEXT_L>
    </item>
    <item>
     <DDLANGUAGE>V</DDLANGUAGE>
     <DDTEXT>Schedule</DDTEXT>
     <REPTEXT>Schedule</REPTEXT>
     <SCRTEXT_S>Schedule</SCRTEXT_S>
     <SCRTEXT_M>Schedule</SCRTEXT_M>
     <SCRTEXT_L>Schedule</SCRTEXT_L>
    </item>
   </DD04_TEXTS>
  </asx:values>
 </asx:abap>
</abapGit>
